timestamp,ch1,ch2,ch3,ch4,ch5,ch6,ch7,ch8,etiqueta
1759632529.8417113,-4470844,-2307832,-4899259,-4013598,-1906002,-2858382,-4314494,8388607,contraccion
1759632529.9025526,-4148976,-2030572,-4714282,-3815031,-1778062,-2613714,-4082949,8388607,contraccion
1759632529.9026906,-3841064,-1310402,-4662217,-3796849,-1726062,-2639576,-4092637,8388607,contraccion
1759632529.902819,-3486498,-379027,-4664323,-3881846,-1719497,-2813287,-4232206,8388607,contraccion
1759632529.902938,-3155066,125131,-4603242,-3865352,-1679622,-2814828,-4224345,8388607,contraccion
1759632529.9030538,-2787880,371299,-4516692,-3796315,-1623259,-2731914,-4144487,8388607,contraccion
1759632529.90317,-2428042,344685,-4390611,-3649369,-1538881,-2526442,-3959131,8388607,contraccion
1759632529.903292,-1902101,737988,-4362914,-3654806,-1514952,-2579672,-3995772,8388607,contraccion
1759632529.9034162,-1305931,1344681,-4396841,-3759402,-1537283,-2780961,-4158929,8388607,contraccion
1759632529.903533,-854268,1586118,-4429457,-3773714,-1530613,-2812350,-4182274,8388607,contraccion
1759632529.903648,-479729,1620268,-4477918,-3740281,-1509921,-2760628,-4136507,8388607,contraccion
1759632529.903763,-201122,1424014,-4524596,-3633139,-1460964,-2586415,-3987373,8388607,contraccion
1759632529.9038775,214205,1639329,-4550159,-3671600,-1472948,-2674094,-4055313,8388607,contraccion
1759632529.9040134,745039,2053516,-4587452,-3805413,-1531917,-2909911,-4246172,8388607,contraccion
1759632529.9041295,1149118,2131821,-4642927,-3852022,-1559452,-2972599,-4299729,8388607,contraccion
1759632529.904245,1445624,2033411,-4697476,-3847654,-1567566,-2946769,-4281347,8388607,contraccion
1759632529.962105,1614346,1736413,-4748198,-3767171,-1542199,-2793346,-4157672,8388607,contraccion
1759632529.9622357,1937103,1854226,-4769501,-3824601,-1574910,-2902275,-4245097,8388607,contraccion
1759632529.9623618,2356493,2180829,-4793653,-3963501,-1644350,-3148483,-4443101,8388607,contraccion
1759632529.9624865,2618356,2210446,-4832107,-4008697,-1671409,-3210394,-4497103,8388607,contraccion
1759632529.962596,2789651,2086739,-4868925,-4001500,-1675189,-3179654,-4476604,8388607,contraccion
1759632529.9627051,2854878,1785912,-4901936,-3919751,-1644247,-3020288,-4351326,8388607,contraccion
1759632529.9628136,3077581,1897214,-4903468,-3972326,-1672851,-3125030,-4434677,8388607,contraccion
1759632529.9629233,3404347,2207811,-4909894,-4102426,-1737919,-3364905,-4625363,8388607,contraccion
1759632529.9630318,3585561,2227485,-4932535,-4140752,-1759097,-3419062,-4672912,8388607,contraccion
1759632529.9631407,3676431,2094915,-4955196,-4127736,-1757089,-3379873,-4645617,8388607,contraccion
1759632529.9632487,3624438,1787449,-4976999,-4043029,-1721223,-3213221,-4514857,8388607,contraccion
1759632529.9633572,3429767,1896793,-4962432,-4093022,-1747654,-3318044,-4598111,8388607,contraccion
1759632529.9634664,3201372,2201447,-4956272,-4220858,-1812871,-3559884,-4789776,8388607,contraccion
1759632529.9635756,3138342,2210171,-4975894,-4261688,-1837066,-3615998,-4837111,8388607,contraccion
1759632529.9636843,3168498,2067700,-5003084,-4256721,-1842979,-3581356,-4810840,8388607,contraccion
1759632530.02241,3340748,1766978,-5025248,-4173053,-1808304,-3409329,-4670641,8388607,contraccion
1759632530.0225196,3249524,1940506,-4984399,-4198796,-1811580,-3491211,-4734899,8388607,contraccion
1759632530.022629,3041259,2299547,-4923471,-4275295,-1825310,-3686829,-4884976,8388607,contraccion
1759632530.022738,3058262,2243735,-4852370,-4232950,-1763426,-3664251,-4852237,8388607,contraccion
1759632530.0228462,3184284,1882372,-4775941,-4130567,-1669004,-3536192,-4725160,8388607,contraccion
1759632530.0229547,3424484,1198908,-4727084,-3980107,-1566316,-3297786,-4495615,8388607,contraccion
1759632530.023063,3424802,965259,-4597268,-3911536,-1469674,-3292170,-4494575,8388607,contraccion
1759632530.0231714,3303629,1131066,-4462164,-3902012,-1391954,-3405757,-4612997,8388607,contraccion
1759632530.0232797,3279158,1147961,-4457594,-3906581,-1382488,-3426137,-4637757,8388607,contraccion
1759632530.023388,3283442,1153698,-4509846,-3918932,-1411152,-3419033,-4634549,8388607,contraccion
1759632530.0234964,3330566,1200850,-4566329,-3922786,-1478697,-3370866,-4589310,8388607,contraccion
1759632530.0236044,3336732,1208749,-4574722,-3920955,-1493887,-3361180,-4583456,8388607,contraccion
1759632530.0237136,3330061,1204619,-4582139,-3919784,-1495345,-3362987,-4589408,8388607,contraccion
1759632530.0238216,3322963,1199385,-4590875,-3926752,-1501804,-3366351,-4596921,8388607,contraccion
1759632530.0239303,3313838,1191585,-4602318,-3937231,-1511141,-3372651,-4607299,8388607,contraccion
1759632530.0826132,3303242,1181709,-4616006,-3950101,-1522897,-3381398,-4620124,8388607,contraccion
1759632530.0827231,3295483,1175549,-4625746,-3958789,-1530337,-3385737,-4628708,8388607,contraccion
1759632530.082832,3290466,1172833,-4631664,-3963503,-1533848,-3386044,-4633175,8388607,contraccion
1759632530.08294,3283716,1167726,-4640091,-3970879,-1540093,-3389144,-4640362,8388607,contraccion
1759632530.0830474,3274672,1159813,-4651586,-3981411,-1549537,-3395519,-4650662,8388607,contraccion
1759632530.0831554,3264030,1149666,-4665552,-3994641,-1561672,-3404548,-4663731,8388607,contraccion
1759632530.0832634,3256393,1143413,-4675271,-4003312,-1569275,-3408886,-4672261,8388607,contraccion
1759632530.083372,3251620,1140808,-4681091,-4007775,-1572635,-3408998,-4676501,8388607,contraccion
1759632530.08348,3245023,1135773,-4689532,-4015092,-1578834,-3412124,-4683673,8388607,contraccion
1759632530.0835884,3235903,1127688,-4701244,-4025876,-1588505,-3418699,-4694297,8388607,contraccion
1759632530.0836966,3225170,1117327,-4715442,-4039367,-1600899,-3428010,-4707641,8388607,contraccion
1759632530.0838046,3217678,1111195,-4725089,-4047902,-1608360,-3432269,-4716000,8388607,contraccion
1759632530.083913,3213041,1108783,-4730614,-4052061,-1611332,-3432084,-4719986,8388607,contraccion
1759632530.0840218,3206517,1103767,-4739018,-4059331,-1617418,-3435049,-4727131,8388607,contraccion
1759632530.0841298,3197438,1095544,-4750906,-4070249,-1627196,-3441746,-4737911,8388607,contraccion
1759632530.142099,3186743,1084904,-4765441,-4083942,-1639850,-3451374,-4751573,8388607,contraccion
1759632530.1422102,3179456,1078818,-4775011,-4092499,-1647229,-3455753,-4759859,8388607,contraccion
1759632530.1423173,3175148,1076658,-4780324,-4096492,-1650067,-3455461,-4763534,8388607,contraccion
1759632530.142425,3168802,1071823,-4788538,-4103648,-1656046,-3458417,-4770537,8388607,contraccion
1759632530.1425395,3159690,1063592,-4800401,-4114537,-1665837,-3465203,-4781399,8388607,contraccion
1759632530.142647,3148890,1052891,-4815047,-4128399,-1678688,-3475027,-4795331,8388607,contraccion
1759632530.1427546,3141608,1046876,-4824569,-4136859,-1686044,-3479296,-4803661,8388607,contraccion
1759632530.1428611,3137274,1044802,-4829709,-4140726,-1688697,-3478874,-4807296,8388607,contraccion
1759632530.142969,3130936,1039880,-4837942,-4147927,-1694646,-3481884,-4814339,8388607,contraccion
1759632530.143077,3121833,1031543,-4849971,-4158994,-1704576,-3488777,-4825217,8388607,contraccion
1759632530.1431928,3110940,1020736,-4864806,-4173024,-1717522,-3498717,-4839195,8388607,contraccion
1759632530.1433024,3103763,1014748,-4874241,-4181364,-1724701,-3502889,-4847449,8388607,contraccion
1759632530.1434104,3099593,1012840,-4879301,-4185122,-1727218,-3502384,-4851001,8388607,contraccion
1759632530.1435192,3093307,1007904,-4887666,-4192245,-1733121,-3505390,-4858049,8388607,contraccion
1759632530.1436274,3084286,999512,-4899705,-4203229,-1742989,-3512270,-4869027,8388607,contraccion
1759632530.2017925,3073492,988657,-4914549,-4217198,-1755979,-3522273,-4883142,8388607,contraccion
1759632530.201902,3066337,982651,-4924071,-4225601,-1763227,-3526521,-4891397,8388607,contraccion
1759632530.2020094,3062181,980623,-4929182,-4229334,-1765664,-3526057,-4894876,8388607,contraccion
1759632530.202117,3055941,975714,-4937535,-4236515,-1771634,-3529167,-4901902,8388607,contraccion
1759632530.2022247,3046943,967454,-4949527,-4247569,-1781531,-3536120,-4912804,8388607,contraccion
1759632530.2023327,3036236,956746,-4964341,-4261538,-1794442,-3546078,-4926886,8388607,contraccion
1759632530.2024405,3029204,950794,-4973822,-4269917,-1801651,-3550261,-4935144,8388607,contraccion
1759632530.202548,3025109,948737,-4978963,-4273717,-1804279,-3549822,-4938749,8388607,contraccion
1759632530.2026556,3018749,943653,-4987374,-4280952,-1810513,-3552965,-4945906,8388607,contraccion
1759632530.2027633,3009714,935230,-4999440,-4292018,-1820608,-3560030,-4956908,8388607,contraccion
1759632530.2028718,2999147,924449,-5014175,-4305991,-1833582,-3570067,-4970918,8388607,contraccion
1759632530.2029805,2992208,918464,-5023642,-4314346,-1840812,-3574324,-4979181,8388607,contraccion
1759632530.203089,2988213,916443,-5028809,-4318057,-1843324,-3573864,-4982756,8388607,contraccion
1759632530.2031972,2981972,911501,-5037170,-4325270,-1849379,-3576986,-4989880,8388607,contraccion
1759632530.203305,2973065,903184,-5049222,-4336336,-1859362,-3584067,-5000891,8388607,contraccion
1759632530.2621734,2962485,892497,-5063997,-4350301,-1872342,-3594142,-5014961,8388607,contraccion
1759632530.262293,2955370,886486,-5073617,-4358698,-1879568,-3598426,-5023277,8388607,contraccion
1759632530.2624216,2951228,884478,-5078842,-4362526,-1882118,-3598006,-5026822,8388607,contraccion
1759632530.262531,2945119,879639,-5087245,-4369804,-1888174,-3601172,-5033911,8388607,contraccion
1759632530.2626405,2936263,871454,-5099339,-4380912,-1898194,-3608251,-5044957,8388607,contraccion
1759632530.2627485,2925798,860882,-5114012,-4394894,-1911138,-3618256,-5058924,8388607,contraccion
1759632530.2628567,2918832,854964,-5123394,-4403275,-1918304,-3622492,-5067119,8388607,contraccion
1759632530.262969,2914680,852784,-5128496,-4407109,-1920881,-3622129,-5070614,8388607,contraccion
1759632530.263078,2908432,847739,-5136924,-4414391,-1927016,-3625233,-5077705,8388607,contraccion
1759632530.2631872,2899493,839342,-5149167,-4425596,-1937095,-3632324,-5088811,8388607,contraccion
1759632530.2632954,2888884,828643,-5164008,-4439646,-1950126,-3642436,-5102906,8388607,contraccion
1759632530.263404,2881824,822768,-5173494,-4448011,-1957334,-3646689,-5111225,8388607,contraccion
1759632530.263512,2877661,820826,-5178700,-4451819,-1959870,-3646257,-5114852,8388607,contraccion
1759632530.26362,2871494,815934,-5187031,-4458989,-1965945,-3649391,-5121982,8388607,contraccion
1759632530.263728,2862679,807542,-5199112,-4470087,-1976063,-3656486,-5133054,8388607,contraccion
1759632530.3223915,2852120,796830,-5213975,-4484140,-1989053,-3666573,-5147167,8388607,contraccion
1759632530.322502,2845174,791021,-5223464,-4492466,-1996166,-3670803,-5155415,8388607,contraccion
1759632530.3226109,2840999,788976,-5228750,-4496316,-1998771,-3670495,-5159040,8388607,contraccion
1759632530.3227198,2834724,783991,-5237289,-4503615,-2004894,-3673797,-5166204,8388607,contraccion
1759632530.3228292,2825809,775632,-5249546,-4514889,-2014991,-3681040,-5177337,8388607,contraccion
1759632530.322938,2815307,764913,-5264397,-4529014,-2028005,-3691186,-5191456,8388607,contraccion
1759632530.323046,2808494,759136,-5273709,-4537317,-2035067,-3695259,-5199481,8388607,contraccion
1759632530.323154,2804478,757181,-5278842,-4541194,-2037602,-3694782,-5202978,8388607,contraccion
1759632530.3232622,2798276,752270,-5287322,-4548542,-2043790,-3697964,-5210199,8388607,contraccion
1759632530.323371,2789358,743932,-5299533,-4559835,-2053907,-3705169,-5221462,8388607,contraccion
1759632530.323479,2778794,733201,-5314444,-4574064,-2067021,-3715411,-5235703,8388607,contraccion
1759632530.323588,2771929,727368,-5323832,-4582349,-2074182,-3719584,-5243839,8388607,contraccion
1759632530.323696,2767888,725280,-5329051,-4586169,-2076804,-3719190,-5247361,8388607,contraccion
1759632530.3238049,2761773,720246,-5337567,-4593542,-2082995,-3722494,-5254577,8388607,contraccion
1759632530.3239138,2752979,711879,-5349705,-4604757,-2093107,-3729691,-5265756,8388607,contraccion
1759632530.3826685,2742521,701184,-5364544,-4618843,-2106113,-3739837,-5279958,8388607,contraccion
1759632530.3827765,2735654,695370,-5373932,-4627053,-2113080,-3744007,-5288066,8388607,contraccion
1759632530.3828845,2731533,693274,-5379209,-4630887,-2115564,-3743666,-5291676,8388607,contraccion
1759632530.382993,2725259,688168,-5387858,-4638343,-2121786,-3747065,-5299037,8388607,contraccion
1759632530.383101,2716353,679708,-5400226,-4649725,-2131989,-3754422,-5310328,8388607,contraccion
1759632530.3832097,2705850,668981,-5415127,-4663942,-2145077,-3764639,-5324504,8388607,contraccion
1759632530.383318,2699025,663102,-5424541,-4672201,-2152121,-3768706,-5332557,8388607,contraccion
1759632530.3834262,2695060,660956,-5429807,-4676067,-2154622,-3768217,-5336112,8388607,contraccion
1759632530.383536,2688912,655882,-5438380,-4683456,-2160774,-3771508,-5343429,8388607,contraccion
1759632530.3836436,2680078,647463,-5450691,-4694743,-2170887,-3778747,-5354662,8388607,contraccion
1759632530.383752,2669610,636788,-5465616,-4708902,-2183975,-3789010,-5368931,8388607,contraccion
1759632530.38386,2662631,630922,-5475010,-4717240,-2191107,-3793194,-5377117,8388607,contraccion
1759632530.3839686,2658406,628731,-5480291,-4721156,-2193702,-3792872,-5380724,8388607,contraccion
1759632530.3840775,2652144,623653,-5488910,-4728592,-2199904,-3796261,-5388017,8388607,contraccion
1759632530.384186,2643248,615256,-5501190,-4739938,-2210059,-3803547,-5399304,8388607,contraccion
1759632530.4421406,2632881,604640,-5516015,-4754116,-2223049,-3813660,-5413397,8388607,contraccion
1759632530.4422488,2626039,598913,-5525372,-4762372,-2230026,-3817724,-5421407,8388607,contraccion
1759632530.4423566,2621903,596826,-5530636,-4766299,-2232596,-3817391,-5425017,8388607,contraccion
1759632530.4424644,2615686,591761,-5539251,-4773810,-2238889,-3820729,-5432302,8388607,contraccion
1759632530.4425726,2606781,583331,-5551672,-4785321,-2249180,-3828106,-5443599,8388607,contraccion
1759632530.4426808,2596446,572727,-5566549,-4799495,-2262228,-3838264,-5457707,8388607,contraccion
1759632530.4427884,2589621,567021,-5575877,-4807744,-2269226,-3842341,-5465760,8388607,contraccion
1759632530.4428966,2585466,564908,-5581216,-4811689,-2271839,-3842024,-5469407,8388607,contraccion
1759632530.4430044,2579354,559822,-5589813,-4819173,-2278041,-3845329,-5476801,8388607,contraccion
1759632530.4431136,2570549,551381,-5602106,-4830534,-2288276,-3852655,-5488204,8388607,contraccion
1759632530.4432218,2560261,540812,-5616883,-4844631,-2301263,-3862799,-5502366,8388607,contraccion
1759632530.4433308,2553456,535078,-5626252,-4852970,-2308285,-3866921,-5510447,8388607,contraccion
1759632530.4434392,2549129,532746,-5631889,-4857202,-2311094,-3866814,-5514330,8388607,contraccion
1759632530.4435492,2542751,527604,-5640672,-4864826,-2317434,-3870301,-5521731,8388607,contraccion
1759632530.4436622,2533861,519228,-5652934,-4876199,-2327642,-3877594,-5532942,8388607,contraccion
1759632530.50186,2523675,508681,-5667639,-4890191,-2340494,-3887631,-5546950,8388607,contraccion
1759632530.501968,2517058,502956,-5676931,-4898332,-2347436,-3891709,-5554972,8388607,contraccion
1759632530.502076,2512793,500645,-5682506,-4902547,-2350303,-3891721,-5558806,8388607,contraccion
1759632530.5021837,2506498,495506,-5691349,-4910227,-2356706,-3895330,-5566199,8388607,contraccion
1759632530.502292,2497736,487166,-5703687,-4921614,-2366826,-3902684,-5577366,8388607,contraccion
1759632530.5024,2487601,476805,-5718319,-4935613,-2379471,-3912594,-5591200,8388607,contraccion
1759632530.5025084,2480794,471084,-5727688,-4943952,-2386479,-3916736,-5599298,8388607,contraccion
1759632530.5026157,2476377,468542,-5733463,-4948306,-2389649,-3916951,-5603455,8388607,contraccion
1759632530.502724,2470124,463219,-5742288,-4955961,-2396162,-3920566,-5611070,8388607,contraccion
1759632530.5028317,2461543,454886,-5754363,-4967152,-2406064,-3927665,-5622151,8388607,contraccion
1759632530.5031488,2451598,444653,-5768633,-4980649,-2418380,-3937206,-5635590,8388607,contraccion
1759632530.5032609,2444898,438904,-5778058,-4988815,-2425408,-3941377,-5643552,8388607,contraccion
1759632530.5033703,2440361,436102,-5784286,-4993541,-2428914,-3941992,-5648009,8388607,contraccion
1759632530.5034788,2433901,430636,-5793471,-5001414,-2435644,-3945783,-5655839,8388607,contraccion
1759632530.5035872,2425944,423074,-5804914,-5011867,-2444900,-3952147,-5666255,8388607,contraccion
1759632530.562148,2440578,436636,-5781006,-4998878,-2424610,-3921561,-5654773,8388607,contraccion
1759632530.5622566,2379116,402248,-5607645,-5064460,-2418800,-3635045,-5741133,8388607,contraccion
1759632530.5623646,2214864,280676,-5415992,-5237569,-2472443,-3193596,-5951865,8388607,contraccion
1759632530.562472,2150134,151960,-5328425,-5239977,-2414319,-2806057,-5978904,8388607,contraccion
1759632530.5625796,2148826,1313,-5285224,-5141094,-2298716,-2434578,-5894812,8388607,contraccion
1759632530.5626874,2214818,-190637,-5260024,-4931655,-2103439,-2063256,-5691182,8388607,contraccion
1759632530.562796,2150161,-253265,-5228282,-5038461,-2110333,-1796506,-5823857,8388607,contraccion
1759632530.562905,2000161,-256561,-5188157,-5240334,-2198469,-1620663,-6063804,8388607,contraccion
1759632530.5630128,1914521,-317085,-5142641,-5262217,-2177863,-1413216,-6113941,8388607,contraccion
1759632530.5631206,1937818,-395206,-5092636,-5179332,-2088653,-1187261,-6051527,8388607,contraccion
1759632530.563228,2024197,-492139,-5049762,-4977812,-1920196,-925621,-5858861,8388607,contraccion
1759632530.5633366,2181984,-435797,-5030236,-5084626,-1926158,-761852,-5997680,8388607,contraccion
1759632530.56345,2259529,-337658,-5024440,-5280792,-2012938,-681765,-6238051,8388607,contraccion
1759632530.5635586,2278944,-402084,-5004112,-5284757,-1990992,-543309,-6270214,8388607,contraccion
1759632530.5636666,2305404,-546327,-4973154,-5182092,-1896590,-362152,-6185297,8388607,contraccion
1759632530.6223514,2347194,-779934,-4931318,-4969963,-1728132,-131389,-5978653,8388607,contraccion
1759632530.62246,2490154,-697617,-4928743,-5075766,-1733452,-4031,-6114752,8388607,contraccion
1759632530.622569,2561575,-513978,-4953154,-5296374,-1834873,38725,-6378934,8388607,contraccion
1759632530.6226776,2582896,-465887,-4965503,-5403609,-1879941,127820,-6516667,8388607,contraccion
1759632530.622785,2589479,-511786,-4962120,-5404114,-1861476,269303,-6537870,8388607,contraccion
1759632530.6228929,2629718,-648849,-4921838,-5264707,-1744791,487694,-6405042,8388607,contraccion
1759632530.6230009,2771993,-505979,-4925051,-5432966,-1787632,607867,-6590081,8388607,contraccion
1759632530.623109,2823382,-309020,-4960826,-5688146,-1911674,647252,-6872785,8388607,contraccion
1759632530.6232166,2811306,-315374,-4971135,-5751521,-1935361,751581,-6956639,8388607,contraccion
1759632530.6233244,2796304,-413254,-4967191,-5711002,-1893016,902298,-6927080,8388607,contraccion
1759632530.623432,2791366,-594015,-4943007,-5561390,-1777583,1107823,-6779772,8388607,contraccion
1759632530.6235397,2890659,-481351,-4956850,-5711877,-1808942,1228181,-6921389,8388607,contraccion
1759632530.623649,2911219,-301304,-4994273,-5936094,-1911206,1282361,-7141277,8388607,contraccion
1759632530.6237574,2871489,-316921,-5003448,-5970797,-1917655,1397839,-7178634,8388607,contraccion
1759632530.6238658,2838665,-417869,-4994264,-5901878,-1858308,1558230,-7117067,8388607,contraccion
1759632530.6826437,2832164,-599542,-4960349,-5723477,-1725741,1778435,-6947611,8388607,contraccion
1759632530.682752,2938615,-492728,-4966214,-5844551,-1733204,1914980,-7028568,8388607,contraccion
1759632530.6828651,2972294,-318044,-4997120,-6038469,-1809937,1980165,-7190890,8388607,contraccion
1759632530.6829736,2945963,-335233,-4999171,-6047507,-1795682,2100861,-7201560,8388607,contraccion
1759632530.683086,2922026,-434955,-4982135,-5955627,-1718848,2260728,-7120914,8388607,contraccion
1759632530.6831956,2919283,-612025,-4941763,-5761072,-1575057,2469446,-6947226,8388607,contraccion
1759632530.6833043,3030318,-492102,-4941772,-5870732,-1567759,2590836,-7010434,8388607,contraccion
1759632530.6834133,3067803,-297910,-4965519,-6054383,-1628425,2645112,-7157241,8388607,contraccion
1759632530.6835215,3047782,-292794,-4960001,-6057569,-1603632,2757641,-7165386,8388607,contraccion
1759632530.6836298,3029891,-371601,-4935445,-5961961,-1519656,2908551,-7090537,8388607,contraccion
1759632530.683741,3032562,-527525,-4886376,-5763509,-1370371,3108105,-6925307,8388607,contraccion
1759632530.683849,3139328,-398095,-4882439,-5865358,-1356494,3225244,-6981196,8388607,contraccion
1759632530.683958,3171912,-201226,-4904411,-6035909,-1409059,3277732,-7115720,8388607,contraccion
1759632530.6840663,3151899,-192659,-4896601,-6026216,-1377773,3382521,-7119060,8388607,contraccion
1759632530.684175,3136256,-268111,-4868040,-5917260,-1287642,3522286,-7041563,8388607,contraccion
1759632530.7420824,3140803,-422997,-4814794,-5707544,-1133964,3705626,-6876622,8388607,contraccion
1759632530.742192,3239893,-301128,-4812447,-5801772,-1119591,3808189,-6928296,8388607,contraccion
1759632530.7423005,3259938,-116146,-4838486,-5965325,-1173509,3841830,-7060179,8388607,contraccion
1759632530.742409,3229776,-116824,-4833750,-5950141,-1144242,3924544,-7065694,8388607,contraccion
1759632530.7425168,3203779,-200912,-4809451,-5837814,-1058000,4043544,-6993104,8388607,contraccion
1759632530.7426252,3200857,-360836,-4761391,-5628227,-910249,4207622,-6836259,8388607,contraccion
1759632530.7427323,3296926,-237881,-4761779,-5719886,-900311,4292351,-6886901,8388607,contraccion
1759632530.7428403,3315719,-47446,-4788535,-5877985,-956985,4307679,-7016117,8388607,contraccion
1759632530.7429483,3285287,-45427,-4786012,-5860647,-931607,4371176,-7023799,8388607,contraccion
1759632530.7430563,3260545,-129700,-4764954,-5747282,-849628,4471365,-6955086,8388607,contraccion
1759632530.743164,3256033,-290822,-4721433,-5539495,-706655,4617382,-6804261,8388607,contraccion
1759632530.743273,3339326,-166019,-4724901,-5632551,-702454,4682186,-6857046,8388607,contraccion
1759632530.743381,3334838,23566,-4754070,-5789096,-764435,4677737,-6985817,8388607,contraccion
1759632530.7434902,3274689,16484,-4756629,-5772248,-745002,4721898,-6994643,8388607,contraccion
1759632530.7435982,3273953,-84089,-4742604,-5660264,-669552,4803298,-6927514,8388607,contraccion
1759632530.8017397,3328159,-272731,-4708457,-5455086,-533341,4931956,-6779433,8388607,contraccion
1759632530.8018486,3263071,-175966,-4717476,-5552150,-538334,4978566,-6834131,8388607,contraccion
1759632530.8019564,3161187,-15603,-4748629,-5703541,-606542,4963342,-6955659,8388607,contraccion
1759632530.8020644,3197253,-40266,-4754904,-5680817,-593019,5003088,-6955750,8388607,contraccion
1759632530.8021722,3349943,-153246,-4747650,-5565609,-526204,5079646,-6881377,8388607,contraccion
1759632530.8022804,3570021,-357544,-4725196,-5358881,-400371,5199283,-6731509,8388607,contraccion
1759632530.8023896,3417129,-273527,-4752134,-5476111,-434076,5220916,-6803667,8388607,contraccion
1759632530.802498,3192914,-124270,-4799090,-5650234,-527229,5183766,-6932139,8388607,contraccion
1759632530.80261,3154202,-186029,-4845275,-5660459,-546186,5179841,-6957108,8388607,contraccion
1759632530.8027177,3208764,-383053,-4910461,-5591574,-507539,5180204,-6903677,8388607,contraccion
1759632530.8028257,3382417,-740552,-4977023,-5417034,-392224,5252859,-6732112,8388607,contraccion
1759632530.8029337,3279701,-1044770,-5129509,-5507021,-475801,5217825,-6835609,8388607,contraccion
1759632530.8030424,3097038,-1229863,-5297239,-5675931,-639254,5051359,-7018601,8388607,contraccion
1759632530.803151,3081544,-1242381,-5310069,-5690102,-655639,5035836,-7035122,8388607,contraccion
1759632530.80326,3097147,-1225226,-5297457,-5677456,-641757,5050031,-7021314,8388607,contraccion
1759632530.8621173,3098680,-1222430,-5299722,-5678989,-642514,5049651,-7022313,8388607,contraccion
1759632530.8622258,3092913,-1225855,-5307931,-5685957,-648779,5044004,-7028866,8388607,contraccion
1759632530.8623333,3088549,-1227538,-5314148,-5690724,-652792,5040672,-7033174,8388607,contraccion
1759632530.862442,3082573,-1231514,-5322929,-5698201,-659532,5034627,-7040251,8388607,contraccion
1759632530.8625505,3074431,-1238135,-5334529,-5708639,-669253,5025562,-7050244,8388607,contraccion
1759632530.8626585,3065134,-1246465,-5347892,-5721018,-680981,5014611,-7062199,8388607,contraccion
1759632530.8627658,3059061,-1250669,-5356628,-5728416,-687654,5008700,-7069140,8388607,contraccion
1759632530.862874,3055056,-1252262,-5362553,-5732743,-691175,5005891,-7073016,8388607,contraccion
1759632530.8629816,3049081,-1256452,-5371317,-5740094,-697733,5000054,-7079977,8388607,contraccion
1759632530.8630905,3040830,-1263487,-5383212,-5750771,-707644,4990911,-7090296,8388607,contraccion
1759632530.863198,3031373,-1272274,-5397077,-5763592,-719716,4979662,-7102784,8388607,contraccion
1759632530.8633058,3025226,-1276576,-5405936,-5771020,-726394,4973844,-7109772,8388607,contraccion
1759632530.863414,3021317,-1278029,-5411672,-5775063,-729736,4971353,-7113368,8388607,contraccion
1759632530.8635223,3015438,-1282195,-5420384,-5782354,-736276,4965564,-7120331,8388607,contraccion
1759632530.863632,3007087,-1289452,-5432452,-5793097,-746396,4956304,-7130875,8388607,contraccion
1759632530.9224026,2997476,-1298517,-5446517,-5806074,-758721,4944841,-7143652,8388607,contraccion
1759632530.9225118,2991389,-1302775,-5455168,-5813344,-765218,4939293,-7150474,8388607,contraccion
1759632530.92262,2987499,-1304059,-5460609,-5817161,-768185,4937271,-7153764,8388607,contraccion
1759632530.922729,2981482,-1308236,-5469311,-5824446,-774665,4931761,-7160667,8388607,contraccion
1759632530.9228375,2972913,-1315744,-5481666,-5835531,-784932,4922361,-7171462,8388607,contraccion
1759632530.9229455,2963187,-1325106,-5496037,-5848871,-797503,4910675,-7184561,8388607,contraccion
1759632530.9230535,2957209,-1329340,-5504658,-5856032,-803827,4905285,-7191302,8388607,contraccion
1759632530.9231648,2953481,-1330561,-5509982,-5859664,-806606,4903513,-7194423,8388607,contraccion
1759632530.923273,2947539,-1334751,-5518596,-5866907,-813105,4898089,-7201254,8388607,contraccion
1759632530.923381,2938919,-1342308,-5530923,-5877969,-823526,4888689,-7212037,8388607,contraccion
1759632530.9234898,2929036,-1351824,-5545412,-5891399,-836361,4876926,-7225214,8388607,contraccion
1759632530.9235978,2923021,-1356071,-5554016,-5898476,-842749,4871664,-7231864,8388607,contraccion
1759632530.9237063,2919183,-1357321,-5559387,-5902046,-845587,4869951,-7234953,8388607,contraccion
1759632530.9238153,2913153,-1361654,-5568136,-5909290,-852172,4864464,-7241871,8388607,contraccion
1759632530.923924,2904521,-1369340,-5580500,-5920516,-862616,4855075,-7252742,8388607,contraccion
1759632530.982628,2894609,-1378942,-5595061,-5934080,-875492,4843323,-7266086,8388607,contraccion
1759632530.9827363,2888703,-1383109,-5603570,-5941106,-881661,4838179,-7272741,8388607,contraccion
1759632530.982844,2885043,-1384276,-5608770,-5944610,-884207,4836708,-7275722,8388607,contraccion
1759632530.982952,2879054,-1388634,-5617524,-5951937,-890697,4831308,-7282644,8388607,contraccion
1759632530.9830592,2870336,-1396477,-5630056,-5963241,-901317,4821971,-7293630,8388607,contraccion
1759632530.9831672,2860345,-1406213,-5644766,-5976902,-914346,4810156,-7307146,8388607,contraccion
1759632530.9832754,2854371,-1410495,-5653384,-5984044,-920666,4805020,-7313807,8388607,contraccion
1759632530.9833832,2850654,-1411709,-5658590,-5987567,-923246,4803536,-7316734,8388607,contraccion
1759632530.9834907,2844646,-1416069,-5667308,-5994890,-929665,4798116,-7323672,8388607,contraccion
1759632530.9836,2836071,-1423884,-5679778,-6006141,-940162,4788753,-7334656,8388607,contraccion
1759632530.9837084,2826251,-1433526,-5694392,-6019667,-953071,4776993,-7348135,8388607,contraccion
1759632530.9838169,2820417,-1437671,-5702819,-6026676,-959271,4771889,-7354751,8388607,contraccion
1759632530.983925,2816757,-1438923,-5707942,-6030148,-961867,4770468,-7357687,8388607,contraccion
1759632530.984033,2810679,-1443462,-5716788,-6037560,-968429,4765076,-7364683,8388607,contraccion
1759632530.984141,2801939,-1451394,-5729355,-6048928,-978986,4755654,-7375705,8388607,contraccion
1759632531.0429738,2791894,-1461141,-5744090,-6062609,-991958,4743828,-7389154,8388607,contraccion
1759632531.0430822,2785874,-1465381,-5752661,-6069706,-998141,4738849,-7395720,8388607,contraccion
1759632531.0431902,2782229,-1466619,-5757820,-6073215,-1000671,4737612,-7398591,8388607,contraccion
1759632531.0432985,2776209,-1471115,-5766579,-6080577,-1007144,4732344,-7405576,8388607,contraccion
1759632531.0434072,2767436,-1479075,-5779167,-6091876,-1017721,4722949,-7416684,8388607,contraccion
1759632531.0435195,2757418,-1488831,-5793855,-6105511,-1030757,4711151,-7430224,8388607,contraccion
1759632531.0436287,2751403,-1493141,-5802488,-6112653,-1037032,4706172,-7436998,8388607,contraccion
1759632531.0437365,2747638,-1494460,-5807759,-6116136,-1039675,4704764,-7440036,8388607,contraccion
1759632531.0438447,2741599,-1498954,-5816557,-6123506,-1046314,4699462,-7447084,8388607,contraccion
1759632531.0439525,2732849,-1506921,-5829149,-6134938,-1057009,4690056,-7458221,8388607,contraccion
1759632531.0440602,2722920,-1516617,-5843737,-6148592,-1070006,4678249,-7471777,8388607,contraccion
1759632531.0441685,2716934,-1520865,-5852109,-6155612,-1076188,4673369,-7478357,8388607,contraccion
1759632531.044278,2713157,-1522144,-5857295,-6159198,-1078725,4672151,-7481361,8388607,contraccion
1759632531.0444016,2707092,-1526679,-5866121,-6166629,-1085335,4666869,-7488475,8388607,contraccion
1759632531.044515,2698239,-1534796,-5878816,-6178147,-1096141,4657408,-7499735,8388607,contraccion
1759632531.102245,2688329,-1544680,-5893532,-6191935,-1109214,4645583,-7513358,8388607,contraccion
1759632531.1023552,2682479,-1548943,-5901933,-6198990,-1115340,4640827,-7519876,8388607,contraccion
1759632531.1024632,2678783,-1550197,-5907072,-6202502,-1117861,4639684,-7522798,8388607,contraccion
1759632531.1025712,2672813,-1554619,-5915776,-6209847,-1124355,4634504,-7529791,8388607,contraccion
1759632531.102679,2664058,-1562610,-5928314,-6221289,-1135037,4625081,-7540930,8388607,contraccion
1759632531.1027868,2654013,-1572408,-5943002,-6235076,-1148131,4613302,-7554537,8388607,contraccion
1759632531.1028943,2648011,-1576680,-5951497,-6242051,-1154344,4608550,-7561112,8388607,contraccion
1759632531.1030023,2644165,-1578085,-5956794,-6245544,-1157026,4607278,-7564174,8388607,contraccion
1759632531.1031106,2638026,-1582688,-5965613,-6252974,-1163666,4601986,-7571297,8388607,contraccion
1759632531.103219,2629212,-1590707,-5978235,-6264468,-1174331,4592557,-7582513,8388607,contraccion
1759632531.1033258,2619240,-1600481,-5992919,-6278209,-1187324,4580746,-7596099,8388607,contraccion
1759632531.1034346,2613331,-1604766,-6001311,-6285072,-1193360,4576027,-7602611,8388607,contraccion
1759632531.1035426,2609479,-1606212,-6006553,-6288587,-1195954,4574786,-7605641,8388607,contraccion
1759632531.1036508,2603354,-1610838,-6015386,-6295998,-1202609,4569506,-7612742,8388607,contraccion
1759632531.1037593,2594604,-1618869,-6028037,-6307401,-1213352,4560176,-7623926,8388607,contraccion
1759632531.162167,2584703,-1628629,-6042714,-6321049,-1226371,4548432,-7637523,8388607,contraccion
1759632531.1622806,2578768,-1632831,-6051124,-6328051,-1232402,4543679,-7644022,8388607,contraccion
1759632531.1623907,2574928,-1634264,-6056378,-6331604,-1235039,4542446,-7647012,8388607,contraccion
1759632531.162504,2568781,-1638874,-6065202,-6339028,-1241649,4537179,-7654106,8388607,contraccion
1759632531.162613,2559946,-1646878,-6077758,-6350489,-1252301,4527811,-7665314,8388607,contraccion
1759632531.162721,2550008,-1656635,-6092337,-6364097,-1265247,4516149,-7678864,8388607,contraccion
1759632531.16283,2544041,-1660925,-6100681,-6371016,-1271277,4511473,-7685356,8388607,contraccion
1759632531.1629384,2540141,-1662424,-6105962,-6374683,-1274005,4510220,-7688479,8388607,contraccion
1759632531.1630466,2533894,-1667144,-6114951,-6382223,-1280702,4504891,-7695656,8388607,contraccion
1759632531.1631577,2525066,-1675274,-6127603,-6393681,-1291402,4495516,-7706924,8388607,contraccion
1759632531.163266,2515169,-1685016,-6142131,-6407345,-1304334,4483883,-7720554,8388607,contraccion
1759632531.1633751,2509264,-1689276,-6150502,-6414311,-1310374,4479226,-7727152,8388607,contraccion
1759632531.1634834,2505398,-1690801,-6155779,-6417940,-1313010,4478000,-7730286,8388607,contraccion
1759632531.163592,2499196,-1695471,-6164699,-6425451,-1319634,4472688,-7737499,8388607,contraccion
1759632531.1637006,2490476,-1703533,-6177308,-6436901,-1330307,4463328,-7748786,8388607,contraccion
1759632531.222384,2480649,-1713297,-6191896,-6450524,-1343259,4451764,-7762389,8388607,contraccion
1759632531.2224932,2474697,-1717616,-6200350,-6457458,-1349324,4447105,-7769012,8388607,contraccion
1759632531.2226012,2470838,-1719144,-6205679,-6461134,-1352019,4445780,-7772246,8388607,contraccion
1759632531.2227087,2464723,-1723867,-6214587,-6468667,-1358733,4440432,-7779512,8388607,contraccion
1759632531.2228167,2456016,-1731956,-6227199,-6480131,-1369509,4431014,-7790792,8388607,contraccion
1759632531.2229242,2446299,-1741663,-6241664,-6493689,-1382351,4419543,-7804240,8388607,contraccion
1759632531.2230322,2440478,-1745864,-6250052,-6500562,-1388388,4414970,-7810743,8388607,contraccion
1759632531.22314,2436520,-1747379,-6255417,-6504310,-1391206,4413625,-7814008,8388607,contraccion
1759632531.2232478,2430259,-1752085,-6264359,-6511936,-1397960,4408302,-7821336,8388607,contraccion
1759632531.2233555,2421397,-1760151,-6277024,-6523452,-1408724,4399002,-7832656,8388607,contraccion
1759632531.223463,2411591,-1769782,-6291452,-6536967,-1421538,4387643,-7846059,8388607,contraccion
1759632531.223571,2405608,-1774052,-6299741,-6543898,-1427583,4383011,-7852626,8388607,contraccion
1759632531.2236798,2401542,-1775740,-6305219,-6547748,-1430537,4381529,-7856049,8388607,contraccion
1759632531.223788,2395378,-1780454,-6314171,-6555311,-1437296,4376283,-7863336,8388607,contraccion
1759632531.2238965,2386676,-1788496,-6326701,-6566715,-1447909,4367108,-7874614,8388607,contraccion
1759632531.2827325,2376903,-1798076,-6340909,-6579982,-1460511,4355835,-7887884,8388607,contraccion
1759632531.2828462,2370919,-1802342,-6349226,-6586854,-1466574,4351163,-7894542,8388607,contraccion
1759632531.282956,2366698,-1804219,-6354864,-6590877,-1469719,4349380,-7898312,8388607,contraccion
1759632531.2830644,2360391,-1809085,-6363772,-6598531,-1476484,4343956,-7905736,8388607,contraccion
1759632531.2831724,2351784,-1816993,-6376150,-6609778,-1486904,4334994,-7916786,8388607,contraccion
1759632531.28328,2342259,-1826283,-6390119,-6622691,-1499058,4324244,-7929556,8388607,contraccion
1759632531.283388,2336309,-1830622,-6398574,-6629726,-1505176,4319544,-7936296,8388607,contraccion
1759632531.2834969,2331972,-1832811,-6404652,-6634323,-1508809,4317352,-7940643,8388607,contraccion
1759632531.283605,2326051,-1837436,-6413336,-6641886,-1515436,4312130,-7947946,8388607,contraccion
1759632531.283713,2210201,-1804182,-6346726,-6580446,-1453289,4374561,-7886212,8388607,contraccion
1759632531.283821,534513,-1728276,-6053325,-6303314,-1220704,4601073,-7657335,8388607,contraccion
1759632531.2839296,-220364,-1821262,-5854139,-6027749,-1160649,4620675,-7641670,8388607,contraccion
1759632531.2840393,405966,-2043904,-5749991,-5716013,-1172921,4571784,-7696629,8388607,contraccion
1759632531.2841475,405447,-2314971,-5610042,-5313583,-1094691,4642886,-7625321,8388607,contraccion
1759632531.2842555,80979,-2584554,-5424162,-4846531,-935297,4801818,-7461059,8388607,contraccion
1759632531.343089,-340814,-2788314,-5172756,-4325759,-678874,5058365,-7194382,8388607,contraccion
1759632531.3431983,632694,-2797401,-5070201,-3893013,-646512,5053604,-7212182,8388607,contraccion
1759632531.343307,1441718,-2917277,-5065649,-3480734,-731564,4940363,-7341279,8388607,contraccion
1759632531.3434153,1567657,-3060616,-4961023,-2981089,-666556,4996297,-7289026,8388607,contraccion
1759632531.3435233,1439879,-3174281,-4771550,-2436782,-482239,5178057,-7102739,8388607,contraccion
1759632531.3436315,1149270,-3233100,-4517411,-1896002,-201174,5457288,-6813071,8388607,contraccion
1759632531.3437395,1999303,-3248068,-4512081,-1544171,-243871,5365037,-6922951,8388607,contraccion
1759632531.343848,2816356,-3323479,-4562158,-1188566,-366565,5203985,-7103452,8388607,contraccion
1759632531.3439558,2937640,-3377091,-4487759,-767241,-315925,5242268,-7069489,8388607,contraccion
1759632531.3440635,2697639,-3402520,-4326994,-325483,-146393,5411060,-6895961,8388607,contraccion
1759632531.3441722,2314814,-3376834,-4102502,100880,117109,5677638,-6617208,8388607,contraccion
1759632531.3442807,3052091,-3323508,-4114649,340450,53254,5565353,-6747201,8388607,contraccion
1759632531.3443997,3702742,-3351842,-4179043,587728,-87533,5388184,-6944932,8388607,contraccion
1759632531.3445091,3652501,-3378709,-4128402,896434,-56762,5409403,-6927692,8388607,contraccion
1759632531.3446217,3270578,-3412468,-4018152,1200249,70513,5538229,-6791102,8388607,contraccion
1759632531.402424,2773543,-3420984,-3862943,1473301,274641,5744684,-6566259,8388607,contraccion
1759632531.4025333,3406511,-3414386,-3941252,1565266,147295,5566004,-6761719,8388607,contraccion
1759632531.402642,3974295,-3491440,-4073319,1667306,-56281,5322628,-7025749,8388607,contraccion
1759632531.4027512,3873712,-3554366,-4093541,1833690,-89219,5272836,-7075925,8388607,contraccion
1759632531.4028597,3521030,-3597131,-4043752,2019229,-22273,5329720,-7007814,8388607,contraccion
1759632531.402969,3093686,-3597095,-3931666,2205549,134258,5478009,-6837953,8388607,contraccion
1759632531.4030771,3702915,-3608628,-4064020,2200539,-53172,5229295,-7107805,8388607,contraccion
1759632531.4031856,4195474,-3720359,-4255451,2203579,-319331,4915800,-7448499,8388607,contraccion
1759632531.4032946,4036166,-3812906,-4315620,2296353,-394304,4820104,-7547040,8388607,contraccion
1759632531.403403,3594956,-3887547,-4275957,2436792,-333277,4871843,-7482160,8388607,contraccion
1759632531.403511,3082093,-3904329,-4155033,2595471,-161347,5035508,-7291663,8388607,contraccion
1759632531.4036198,3617610,-3899769,-4250537,2585096,-306431,4824254,-7525520,8388607,contraccion
1759632531.403729,4102179,-3938239,-4369306,2617718,-496887,4583014,-7796806,8388607,contraccion
1759632531.403838,3960549,-3941692,-4365659,2736700,-504581,4551386,-7829237,8388607,contraccion
1759632531.403947,3541061,-3922673,-4279091,2891818,-390408,4652726,-7709684,8388607,contraccion
1759632531.4621196,3033284,-3852349,-4133118,3049010,-182992,4844879,-7482662,8388607,contraccion
1759632531.4622283,3563916,-3751650,-4201154,3032907,-288956,4662726,-7689249,8388607,contraccion
1759632531.4623373,4068107,-3718542,-4308467,3041719,-454569,4438709,-7947746,8388607,contraccion
1759632531.4624455,3996212,-3665286,-4302200,3133966,-442712,4415696,-7970161,8388607,contraccion
1759632531.4625535,3648113,-3591816,-4215252,3265322,-310330,4522617,-7840697,8388607,contraccion
1759632531.462661,3227820,-3474011,-4069121,3403229,-89001,4718237,-7603239,8388607,contraccion
1759632531.4627695,3822438,-3341667,-4128398,3372589,-174537,4546691,-7799585,8388607,contraccion
1759632531.462878,4326763,-3299574,-4226119,3368131,-321600,4334333,-8048783,8388607,contraccion
1759632531.4629862,4209385,-3260108,-4222403,3442254,-307654,4310411,-8070941,8388607,contraccion
1759632531.4630942,3811879,-3206437,-4142344,3555990,-179725,4413106,-7942534,8388607,contraccion
1759632531.463206,3324243,-3105287,-4004967,3678959,33764,4603298,-7706837,8388607,contraccion
1759632531.4633148,3796102,-2990512,-4078332,3621208,-64131,4421311,-7916693,8388607,contraccion
1759632531.4634244,4185796,-2961929,-4194845,3582116,-227731,4195273,-8183995,8388607,contraccion
1759632531.4635365,4007097,-2923186,-4201251,3634337,-221537,4164654,-8212759,8388607,contraccion
1759632531.4636457,3586640,-2859379,-4117004,3744311,-86668,4273264,-8071914,8388607,contraccion
1759632531.5224135,3117012,-2744356,-3971776,3870350,140230,4470424,-7824333,8388607,contraccion
1759632531.522523,3679374,-2602923,-4017985,3825936,66584,4312916,-8012752,8388607,contraccion
1759632531.522631,4165369,-2549366,-4099806,3805147,-67455,4120543,-8245911,8388607,contraccion
1759632531.522739,4044970,-2502039,-4089799,3863036,-45781,4107539,-8246352,8388607,contraccion
1759632531.5228472,3650783,-2447834,-4009441,3962689,87600,4216319,-8097278,8388607,contraccion
1759632531.522955,3200965,-2350971,-3877992,4072776,304532,4405375,-7854966,8388607,contraccion
1759632531.5230632,3777206,-2218397,-3927228,4016265,226004,4249131,-8046439,8388607,contraccion
1759632531.5231712,4284035,-2161478,-3997517,3995280,100704,4073124,-8266816,8388607,contraccion
1759632531.5232794,4201009,-2095990,-3963059,4069834,144116,4088054,-8241628,8388607,contraccion
1759632531.5233877,3841976,-2016892,-3851212,4195209,306001,4230117,-8063504,8388607,contraccion
1759632531.5234957,3441379,-1891433,-3684869,4336584,552190,4454141,-7789862,8388607,contraccion
1759632531.5236034,4088918,-1735912,-3710335,4299710,484058,4323136,-7954830,8388607,contraccion
1759632531.5237117,4674595,-1662027,-3761517,4291332,367617,4170172,-8157013,8388607,contraccion
1759632531.5238209,4685786,-1571826,-3697523,4391019,431513,4215642,-8115786,8388607,contraccion
1759632531.5239294,4343380,-1519974,-3600197,4506086,575224,4349419,-7960814,8388607,contraccion
1759632531.5826297,3901985,-1454179,-3477179,4614048,776616,4536058,-7731849,8388607,contraccion
1759632531.5827382,4676092,-1258301,-3472157,4605128,728072,4420781,-7865337,8388607,contraccion
1759632531.582846,5341731,-1161314,-3491227,4622778,627554,4287554,-8030594,8388607,contraccion
1759632531.582954,5214844,-1132304,-3452693,4691092,631994,4310626,-8018907,8388607,contraccion
1759632531.583063,4559988,-1139947,-3341257,4797184,714379,4447432,-7885372,8388607,contraccion
1759632531.583171,3656012,-1096253,-3162477,4927501,872478,4676579,-7653926,8388607,contraccion
1759632531.583279,4178016,-815695,-3135531,4883097,782033,4572966,-7761337,8388607,contraccion
1759632531.5833871,4739703,-675060,-3160484,4731172,630424,4404184,-7935554,8388607,contraccion
1759632531.5834954,4618871,-705131,-3115864,4558914,593931,4369337,-7972998,8388607,contraccion
1759632531.5836043,4618760,-674934,-3048883,4528658,627043,4403916,-7939455,8388607,contraccion
1759632531.5837126,4685346,-609089,-2983089,4585146,692340,4469967,-7873602,8388607,contraccion
1759632531.5838244,4687133,-605852,-2983887,4583913,694351,4474078,-7871117,8388607,contraccion
1759632531.5839334,4680643,-610405,-2992692,4574750,688570,4470591,-7876521,8388607,contraccion
1759632531.5840418,4672710,-617029,-3003740,4563020,680324,4464527,-7884444,8388607,contraccion
1759632531.5841506,4662800,-626085,-3017407,4548483,669215,4455554,-7895197,8388607,contraccion
1759632531.6429973,4652148,-636142,-3032307,4532551,656730,4445224,-7907329,8388607,contraccion
1759632531.6431067,4644906,-641782,-3042406,4521775,649474,4440194,-7914204,8388607,contraccion
1759632531.643215,4639086,-645565,-3050532,4513113,644258,4437209,-7919043,8388607,contraccion
1759632531.6433232,4631476,-651773,-3061322,4501577,636158,4431289,-7926849,8388607,contraccion
1759632531.6434314,4621737,-660599,-3074911,4487021,625004,4422261,-7937719,8388607,contraccion
1759632531.6435404,4611294,-670542,-3089798,4471006,612436,4411861,-7950096,8388607,contraccion
1759632531.6436489,4604403,-675747,-3099566,4460488,605522,4407148,-7956778,8388607,contraccion
1759632531.6437569,4598950,-679115,-3107382,4452117,600751,4404549,-7961349,8388607,contraccion
1759632531.6438646,4591406,-685232,-3118226,4440558,592711,4398618,-7969307,8388607,contraccion
1759632531.6439726,4581591,-694216,-3132031,4425732,581314,4389323,-7980551,8388607,contraccion
1759632531.6440809,4571078,-704282,-3147048,4409587,568436,4378581,-7993255,8388607,contraccion
1759632531.6441886,4564249,-709329,-3156529,4399502,561639,4373968,-7999762,8388607,contraccion
1759632531.6442974,4558989,-712439,-3163752,4391712,557229,4371669,-8003879,8388607,contraccion
1759632531.6444151,4551522,-718434,-3174143,4380523,549380,4365861,-8011517,8388607,contraccion
1759632531.6445243,4541630,-727522,-3187869,4365786,537899,4356499,-8022858,8388607,contraccion
1759632531.7026222,4531034,-737708,-3202854,4349667,524928,4345641,-8035692,8388607,contraccion
1759632531.7027454,4524168,-742600,-3212118,4339878,518385,4341249,-8041982,8388607,contraccion
1759632531.7028537,4518910,-745441,-3219218,4332308,514136,4339149,-8045847,8388607,contraccion
1759632531.702962,4511498,-751318,-3229588,4321139,506242,4333357,-8053435,8388607,contraccion
1759632531.70307,4501645,-760384,-3243381,4306321,494548,4323839,-8064893,8388607,contraccion
1759632531.7031782,4491168,-770497,-3258612,4289964,481406,4312769,-8078025,8388607,contraccion
1759632531.7032907,4484577,-775112,-3267763,4280117,474991,4308517,-8084276,8388607,contraccion
1759632531.7033982,4479481,-777807,-3274806,4272629,470921,4306533,-8088132,8388607,contraccion
1759632531.7035062,4472094,-783697,-3285394,4261391,463031,4300659,-8095951,8388607,contraccion
1759632531.7036169,4462125,-792856,-3299618,4246285,451260,4290846,-8107676,8388607,contraccion
1759632531.703725,4451454,-803137,-3315130,4229759,437964,4279474,-8120930,8388607,contraccion
1759632531.7038336,4444839,-807769,-3324078,4220193,431701,4275267,-8126887,8388607,contraccion
1759632531.7039423,4439903,-810366,-3330791,4212956,427846,4273505,-8130443,8388607,contraccion
1759632531.7040508,4432739,-816062,-3341074,4201899,420019,4267873,-8138066,8388607,contraccion
1759632531.7041593,4422917,-825169,-3355167,4186831,408173,4258141,-8149772,8388607,contraccion
1759632531.7629342,4412302,-835463,-3370646,4170228,394743,4246681,-8163307,8388607,contraccion
1759632531.7630467,4405340,-840434,-3380046,4160174,388040,4242099,-8166610,8388607,contraccion
1759632531.7631562,4399649,-843678,-3387521,4152197,383445,4239651,-8160094,8388607,contraccion
1759632531.7632644,4392130,-849713,-3398000,4140962,375395,4233755,-8164649,8388607,contraccion
1759632531.7633743,4381538,-859534,-3412677,4125321,362835,4223329,-8172078,8388607,contraccion
1759632531.763483,4369864,-870848,-3429172,4107666,348234,4210814,-8173330,8388607,contraccion
1759632531.7635922,4362392,-876342,-3439081,4097172,340964,4205753,-8165987,8388607,contraccion
1759632531.7637005,4356878,-879369,-3446277,4089491,336577,4203549,-8158919,8388607,contraccion
1759632531.7638092,4349398,-885250,-3456624,4078433,328686,4197685,-8164902,8388607,contraccion
1759632531.763917,4338800,-895112,-3471206,4062918,316104,4187080,-8171772,8388607,contraccion
1759632531.7640247,4327156,-906483,-3487612,4045362,301550,4174449,-8173019,8388607,contraccion
1759632531.7641332,4319733,-911992,-3497432,4034920,294370,4169293,-8165753,8388607,contraccion
1759632531.7642417,4314271,-915061,-3504664,4027234,290006,4166948,-8158539,8388607,contraccion
1759632531.764351,4306848,-921018,-3515004,4016203,282100,4161064,-8164349,8388607,contraccion
1759632531.7644713,4296265,-930891,-3529530,4000699,269497,4150536,-8170919,8388607,contraccion
1759632531.8231826,4284641,-942217,-3545870,3983324,254911,4138023,-8172139,8388607,contraccion
1759632531.8232973,4277188,-947651,-3555624,3973164,247823,4133025,-8164899,8388607,contraccion
1759632531.823406,4271671,-950699,-3562782,3965723,243538,4130763,-8157892,8388607,contraccion
1759632531.8235154,4264167,-956616,-3573296,3954614,235409,4124730,-8164002,8388607,contraccion
1759632531.8236237,4253537,-966422,-3588104,3938919,222537,4113993,-8170124,8388607,contraccion
1759632531.8237324,4241971,-977653,-3604584,3921374,207900,4101386,-8171112,8388607,contraccion
1759632531.823841,4234630,-982956,-3614387,3911086,200885,4096428,-8163767,8388607,contraccion
1759632531.8239536,4229264,-985884,-3621542,3903614,196749,4094347,-8156670,8388607,contraccion
1759632531.8240614,4221951,-991696,-3631921,3892587,188816,4088487,-8162661,8388607,contraccion
1759632531.8241694,4211446,-1001529,-3646707,3876913,176072,4077791,-8169037,8388607,contraccion
1759632531.824278,4199851,-1012799,-3663120,3859445,161470,4065123,-8170179,8388607,contraccion
1759632531.824394,4192425,-1018142,-3672858,3849242,154318,4060021,-8162854,8388607,contraccion
1759632531.8245032,4186968,-1021139,-3679959,3841803,150009,4057839,-8156082,8388607,contraccion
1759632531.8246124,4179485,-1027019,-3690295,3830859,141996,4051953,-8162305,8388607,contraccion
1759632531.8247209,4168878,-1036835,-3705035,3815273,129198,4041264,-8168451,8388607,contraccion
1759632531.8248303,4157430,-1048031,-3721308,3798024,114741,4028835,-8169527,8388607,contraccion
1759632531.8830736,4150177,-1053286,-3730943,3787967,107720,4023928,-8162151,8388607,contraccion
1759632531.8831837,4144714,-1056262,-3737876,3780679,103452,4021776,-8154755,8388607,contraccion
1759632531.8832922,4137238,-1062099,-3748048,3769922,95559,4015870,-8160585,8388607,contraccion
1759632531.883401,4126603,-1071938,-3762671,3754471,82833,4005204,-8168066,8388607,relajacion
1759632531.883509,4115082,-1083116,-3778842,3737298,68231,3992718,-8169574,8388607,relajacion
1759632531.883617,4107745,-1088339,-3788306,3727399,61303,3987826,-8162317,8388607,relajacion
1759632531.8837297,4102177,-1091364,-3795402,3719968,56956,3985469,-8154046,8388607,relajacion
1759632531.883839,4094863,-1097138,-3805565,3709074,49004,3979622,-8158904,8388607,relajacion
1759632531.8839474,4084389,-1106875,-3820139,3693494,36283,3969083,-8166580,8388607,relajacion
1759632531.8840556,4072913,-1118091,-3836350,3676182,21810,3956513,-8168028,8388607,relajacion
1759632531.884164,4065652,-1123306,-3845776,3666337,14971,3951613,-8160692,8388607,relajacion
1759632531.8842728,4060156,-1126297,-3852741,3659013,10640,3949356,-8153344,8388607,relajacion
1759632531.8843894,4052845,-1132099,-3862947,3648261,2691,3943459,-8159131,8388607,relajacion
1759632531.8845005,4042444,-1141799,-3877499,3632883,-9946,3932829,-8166187,8388607,relajacion
1759632531.8846087,4030996,-1152841,-3893607,3615734,-24422,3920406,-8167444,8388607,relajacion
1759632531.943359,4023704,-1157950,-3903023,3605934,-31330,3915623,-8160042,8388607,relajacion
1759632531.943469,4018201,-1160916,-3910068,3598609,-35652,3913357,-8152992,8388607,relajacion
1759632531.9435775,4010806,-1166775,-3920375,3587659,-43705,3907325,-8159014,8388607,relajacion
1759632531.943685,4000306,-1176534,-3934989,3572122,-56420,3896616,-8165274,8388607,relajacion
1759632531.943793,3988894,-1187593,-3951144,3554866,-70881,3884114,-8166365,8388607,relajacion
1759632531.9439054,3981644,-1192707,-3960488,3545051,-77780,3879264,-8158994,8388607,relajacion
1759632531.944014,3976166,-1195649,-3967365,3537860,-82060,3877067,-8152154,8388607,relajacion
1759632531.9441223,3968793,-1201516,-3977506,3527018,-90022,3871145,-8158322,8388607,relajacion
1759632531.9442303,3958384,-1211236,-3991957,3511643,-102649,3860529,-8164499,8388607,relajacion
1759632531.9443393,3947077,-1222232,-4007980,3494621,-117051,3848116,-8165490,8388607,relajacion
1759632531.944456,3939835,-1227434,-4017354,3484910,-124034,3843243,-8158113,8388607,relajacion
1759632531.9445655,3934303,-1230514,-4024417,3477671,-128412,3840946,-8151340,8388607,relajacion
1759632531.944675,3926804,-1236461,-4034696,3466813,-136493,3834904,-8157645,8388607,relajacion
1759632531.944784,3916328,-1246141,-4049309,3451397,-149279,3824179,-8164184,8388607,relajacion
1759632531.9448924,3905049,-1257046,-4065239,3434429,-163650,3811790,-8165230,8388607,relajacion
1759632532.0036285,3897813,-1262142,-4074491,3424783,-170524,3806988,-8157900,8388607,relajacion
1759632532.0037365,3892403,-1265130,-4081521,3417526,-174836,3804709,-8150844,8388607,relajacion
1759632532.003845,3885066,-1270907,-4091782,3406678,-182806,3798779,-8156913,8388607,relajacion
1759632532.0039537,3874651,-1280553,-4106312,3391336,-195495,3788170,-8163440,8388607,relajacion
1759632532.0040617,3863384,-1291502,-4122261,3374371,-209850,3775782,-8164474,8388607,relajacion
1759632532.0041702,3856079,-1296694,-4131671,3364584,-216847,3770838,-8157281,8388607,relajacion
1759632532.004278,3850492,-1299799,-4138741,3357260,-221357,3768408,-8150194,8388607,relajacion
1759632532.0043948,3843130,-1305656,-4148948,3346393,-229381,3762341,-8156187,8388607,relajacion
1759632532.0045035,3832817,-1315372,-4163426,3330994,-241953,3751681,-8162764,8388607,relajacion
1759632532.0046115,3821732,-1326196,-4179196,3314114,-256117,3739454,-8163652,8388607,relajacion
1759632532.0047202,3814618,-1331217,-4188332,3304520,-262929,3734696,-8156312,8388607,relajacion
1759632532.0048292,3809111,-1334182,-4195327,3297304,-267412,3732303,-8149523,8388607,relajacion
1759632532.0049386,3801738,-1340020,-4205635,3286475,-275548,3726222,-8155691,8388607,relajacion
1759632532.0050478,3791276,-1349793,-4220249,3271019,-288338,3715461,-8161683,8388607,relajacion
1759632532.0051568,3780128,-1360719,-4236086,3254137,-302559,3703193,-8162475,8388607,relajacion
1759632532.0638757,3772951,-1365854,-4245356,3244368,-309421,3698377,-8155158,8388607,relajacion
1759632532.0639844,3767426,-1368969,-4252318,3237044,-313852,3695916,-8148580,8388607,relajacion
1759632532.0640929,3760096,-1374843,-4262497,3226313,-321866,3689958,-8154797,8388607,relajacion
1759632532.0642052,3749709,-1384588,-4277011,3210991,-334568,3679318,-8161036,8388607,relajacion
1759632532.064314,3738589,-1395402,-4292710,3194280,-348726,3667183,-8161937,8388607,relajacion
1759632532.0644455,3731479,-1400496,-4301878,3184731,-355581,3662441,-8154686,8388607,relajacion
1759632532.0645547,3725898,-1403691,-4308959,3177355,-360192,3659879,-8148029,8388607,relajacion
1759632532.064663,3718454,-1409614,-4319059,3166543,-368300,3653761,-8154071,8388607,relajacion
1759632532.0647714,3708031,-1419314,-4333463,3151233,-381031,3643095,-8159667,8388607,relajacion
1759632532.0648794,3696877,-1430031,-4349199,3134535,-395172,3631013,-8160367,8388607,relajacion
1759632532.064988,3689762,-1435017,-4358286,3125011,-401942,3626372,-8152986,8388607,relajacion
1759632532.0650966,3684247,-1438125,-4365227,3117802,-406348,3623991,-8146894,8388607,relajacion
1759632532.065206,3676784,-1444044,-4375346,3107085,-414337,3617955,-8153358,8388607,relajacion
1759632532.0653148,3666336,-1453776,-4389829,3091731,-427039,3607269,-8158960,8388607,relajacion
1759632532.0654235,3655143,-1464669,-4405663,3075001,-441172,3595021,-8159760,8388607,relajacion
1759632532.1242523,3648051,-1469787,-4414866,3065406,-447941,3590253,-8152492,8388607,relajacion
1759632532.1243677,3642621,-1472937,-4421982,3058046,-452429,3587811,-8146324,8388607,relajacion
1759632532.124488,3635310,-1478814,-4432257,3047184,-460498,3581729,-8152753,8388607,relajacion
1759632532.1245985,3624894,-1488502,-4446769,3031788,-473132,3571034,-8158036,8388607,relajacion
1759632532.124708,3613681,-1499291,-4462584,3015030,-487249,3558867,-8158692,8388607,relajacion
1759632532.1248176,3606552,-1504429,-4471848,3005419,-494108,3554061,-8151396,8388607,relajacion
1759632532.124926,3601069,-1507623,-4478905,2998141,-498622,3551531,-8145569,8388607,relajacion
1759632532.1250355,3593585,-1513611,-4489169,2987256,-506811,3545326,-8152228,8388607,relajacion
1759632532.1251445,3583084,-1523376,-4503687,2971869,-519544,3534629,-8157577,8388607,relajacion
1759632532.125254,3571962,-1534132,-4519310,2955211,-533607,3522634,-8158118,8388607,relajacion
1759632532.1253624,3564871,-1539122,-4528343,2945694,-540436,3517967,-8150803,8388607,relajacion
1759632532.1254718,3559405,-1542222,-4535256,2938389,-545021,3515474,-8144962,8388607,relajacion
1759632532.1255808,3551953,-1548157,-4545412,2927530,-553135,3509379,-8151642,8388607,relajacion
1759632532.125691,3541553,-1557818,-4559834,2912306,-565709,3498788,-8157152,8388607,relajacion
1759632532.1257997,3530518,-1568391,-4575334,2895931,-579502,3486951,-8157541,8388607,relajacion
1759632532.18318,3523361,-1573497,-4584654,2886242,-586526,3482026,-8150487,8388607,relajacion
1759632532.183294,3517687,-1576909,-4592180,2878423,-591606,3478998,-8143944,8388607,relajacion
1759632532.1834033,3510256,-1582951,-4602672,2867447,-599869,3472691,-8150076,8388607,relajacion
1759632532.183512,3500025,-1592374,-4616764,2852679,-612067,3462461,-8155946,8388607,relajacion
1759632532.183621,3488434,-1603117,-4631514,2836097,-626029,3450451,-8156572,8388607,relajacion
1759632532.1837294,3484429,-1632022,-4642521,2725620,-729583,3350330,-8239084,8388607,relajacion
1759632532.1838384,3437613,-1628785,-4679132,2371255,-1051514,3033104,-8388608,8388607,relajacion
1759632532.1839502,3228739,-1475997,-4703765,2071175,-1302493,2783196,-8388608,8388607,relajacion
1759632532.1840596,2905273,-1359076,-4795451,1965995,-1350471,2736046,-8388608,8388607,relajacion
1759632532.1841695,2572935,-1298757,-4900282,1940228,-1313361,2773809,-8388608,8388607,relajacion
1759632532.1842782,2705108,-1118676,-4896968,1612732,-1620631,2468385,-8388608,8388607,relajacion
1759632532.1843965,2732084,-977299,-4930586,1312482,-1907779,2182336,-8388608,8388607,relajacion
1759632532.1845078,2558446,-921859,-5011329,1151114,-2037465,2052616,-8388608,8388607,relajacion
1759632532.1846178,2260113,-922924,-5126342,1110506,-2031021,2058169,-8388608,8388607,relajacion
1759632532.184728,1972504,-941165,-5240792,1110066,-1974486,2113764,-8388608,8388607,relajacion
1759632532.243301,2133229,-796503,-5240455,823776,-2250773,1837556,-8388608,8388607,relajacion
1759632532.2434103,2186721,-682060,-5271654,579909,-2489550,1597683,-8388608,8388607,relajacion
1759632532.243519,2035490,-659327,-5353222,472573,-2567534,1517929,-8388608,8388607,relajacion
1759632532.2436285,1747149,-699862,-5470554,477564,-2513677,1569867,-8388608,8388607,relajacion
1759632532.2437377,1478203,-754650,-5581034,505796,-2425980,1656306,-8388608,8388607,relajacion
1759632532.243846,1661433,-637807,-5576801,239482,-2688148,1393408,-8388608,8388607,relajacion
1759632532.2439554,1736231,-555129,-5598518,13912,-2914859,1164561,-8388608,8388607,relajacion
1759632532.244064,1605989,-562562,-5662531,-76353,-2977837,1099177,-8388608,8388607,relajacion
1759632532.2441726,1341445,-626158,-5755499,-52471,-2904473,1170094,-8388608,8388607,relajacion
1759632532.244282,1099234,-695129,-5838809,-4344,-2795264,1277651,-8388608,8388607,relajacion
1759632532.2443998,1300095,-593776,-5814832,-246344,-3037596,1033578,-8388608,8388607,relajacion
1759632532.2445097,1389697,-526887,-5817839,-445487,-3241909,825983,-8388608,8388607,relajacion
1759632532.244619,1266909,-548755,-5864416,-512719,-3282641,782271,-8388608,8388607,relajacion
1759632532.2447286,1000168,-625085,-5942271,-470193,-3189352,872948,-8388608,8388607,relajacion
1759632532.2448416,761439,-701304,-6010869,-407293,-3063722,996869,-8388608,8388607,relajacion
1759632532.3036091,967298,-609009,-5975616,-632411,-3293634,764528,-8388608,8388607,relajacion
1759632532.303723,1071178,-549126,-5965694,-812767,-3483226,570937,-8388608,8388607,relajacion
1759632532.3038332,980799,-571559,-5996107,-862307,-3507891,542878,-8388608,8388607,relajacion
1759632532.3039436,757922,-644569,-6057573,-801836,-3396559,651355,-8388608,8388607,relajacion
1759632532.3040538,563625,-714655,-6110266,-723415,-3254986,791184,-8388608,8388607,relajacion
1759632532.304163,801168,-619840,-6060799,-929609,-3469897,573358,-8388608,8388607,relajacion
1759632532.304272,925778,-558923,-6037964,-1090058,-3642363,396254,-8388608,8388607,relajacion
1759632532.3043866,852991,-576924,-6055706,-1123388,-3651508,383363,-8388608,8388607,relajacion
1759632532.3044963,645288,-644162,-6105065,-1048618,-3525260,506722,-8388608,8388607,relajacion
1759632532.3046055,465255,-708200,-6145516,-958171,-3371130,659369,-8388608,8388607,relajacion
1759632532.304715,710091,-612261,-6085089,-1149222,-3574035,453090,-8388608,8388607,relajacion
1759632532.3048244,842055,-552831,-6052041,-1294283,-3733907,287963,-8388608,8388607,relajacion
1759632532.3049338,779041,-571872,-6060751,-1315161,-3731631,286241,-8388608,8388607,relajacion
1759632532.305043,582294,-642387,-6102476,-1229941,-3594746,420223,-8388608,8388607,relajacion
1759632532.3051531,414208,-709262,-6136721,-1132044,-3433014,580575,-8388608,8388607,relajacion
1759632532.3638742,663304,-618241,-6071364,-1313938,-3629651,380219,-8388608,8388607,relajacion
1759632532.363984,799130,-560024,-6031826,-1447665,-3780122,224011,-8388608,8388607,relajacion
1759632532.3640924,745978,-574774,-6032607,-1459517,-3769656,230265,-8388608,8388607,relajacion
1759632532.3642013,561342,-634691,-6066277,-1365894,-3624222,372719,-8388608,8388607,relajacion
1759632532.36431,407561,-687387,-6091478,-1260384,-3454831,540834,-8388608,8388607,relajacion
1759632532.3644269,662584,-592780,-6021434,-1436512,-3648201,343336,-8388608,8388607,relajacion
1759632532.364536,801038,-534749,-5980000,-1566601,-3796852,188644,-8388608,8388607,relajacion
1759632532.3646443,750903,-547456,-5979226,-1576122,-3784698,196531,-8388608,8388607,relajacion
1759632532.3647523,569239,-605320,-6012126,-1481091,-3637783,340639,-8388608,8388607,relajacion
1759632532.364861,418849,-656475,-6038178,-1377172,-3469999,507313,-8388608,8388607,relajacion
1759632532.3649695,675015,-566176,-5969284,-1553212,-3665756,307356,-8388608,8388607,relajacion
1759632532.365079,814421,-514046,-5927636,-1680987,-3813744,153196,-8388608,8388607,relajacion
1759632532.365188,768743,-528536,-5925269,-1688881,-3800763,161986,-8388608,8388607,relajacion
1759632532.365301,593171,-584621,-5955459,-1591654,-3651769,308246,-8388608,8388607,relajacion
1759632532.3654106,451001,-630856,-5977833,-1486521,-3483281,475774,-8388608,8388607,relajacion
1759632532.424091,709844,-538977,-5906869,-1662479,-3681619,272871,-8388608,8388607,relajacion
1759632532.4242015,849622,-485619,-5862570,-1789927,-3831297,116754,-8388608,8388607,relajacion
1759632532.4243102,805839,-497392,-5856814,-1797861,-3819614,124102,-8388608,8388607,relajacion
1759632532.4244273,629864,-550214,-5884536,-1699932,-3670157,270871,-8388608,8388607,relajacion
1759632532.4245372,487889,-593006,-5905004,-1594704,-3501862,438378,-8388608,8388607,relajacion
1759632532.4246464,746285,-501745,-5832429,-1768715,-3700612,234783,-8388608,8388607,relajacion
1759632532.4247558,886943,-448564,-5785363,-1892016,-3847803,80772,-8388608,8388607,relajacion
1759632532.424865,847788,-458339,-5776561,-1896942,-3834095,90158,-8388608,8388607,relajacion
1759632532.4249744,679240,-507533,-5800981,-1796427,-3682479,239168,-8388608,8388607,relajacion
1759632532.4250836,549729,-543211,-5815776,-1686965,-3510388,410512,-8388608,8388607,relajacion
1759632532.425193,819001,-446146,-5736202,-1852414,-3702732,213023,-8388608,8388607,relajacion
1759632532.4253025,966895,-388434,-5683577,-1966994,-3842473,65973,-8388608,8388607,relajacion
1759632532.4254124,933871,-392862,-5670851,-1964101,-3821227,82663,-8388608,8388607,relajacion
1759632532.4255223,772033,-435754,-5691231,-1855357,-3661034,240309,-8388608,8388607,relajacion
1759632532.4256322,647442,-467721,-5704871,-1742958,-3486320,414311,-8388608,8388607,relajacion
1759632532.4836092,913018,-375611,-5630277,-1911092,-3683724,211494,-8388608,8388607,relajacion
1759632532.4837196,1054119,-324530,-5583882,-2028382,-3827911,59991,-8388608,8388607,relajacion
1759632532.483829,1017497,-332375,-5576314,-2027623,-3809849,73570,-8388608,8388607,relajacion
1759632532.4839385,852813,-377522,-5602987,-1921373,-3652458,228353,-8388608,8388607,relajacion
1759632532.4840472,730843,-407976,-5620907,-1810191,-3479593,400546,-8388608,8388607,relajacion
1759632532.484156,998508,-316956,-5549584,-1977661,-3678411,196291,-8388608,8388607,relajacion
1759632532.4842649,1137020,-270410,-5508582,-2095333,-3824086,43419,-8388608,8388607,relajacion
1759632532.484374,1102882,-279511,-5504228,-2093883,-3805837,57224,-8388608,8388607,relajacion
1759632532.4844916,904652,-361867,-5570708,-2016988,-3677284,183919,-8388608,8388607,relajacion
1759632532.4846003,745736,-439081,-5637556,-1947299,-3545796,315726,-8388608,8388607,relajacion
1759632532.484709,1050687,-326762,-5543431,-2095968,-3728364,127286,-8388608,8388607,relajacion
1759632532.4848225,1210173,-271497,-5491857,-2200193,-3861576,-13214,-8388608,8388607,relajacion
1759632532.4849322,1161771,-306229,-5512517,-2215476,-3859885,-15370,-8388608,8388607,relajacion
1759632532.4850414,963173,-405634,-5597341,-2147975,-3740068,103150,-8388608,8388607,relajacion
1759632532.48515,829520,-486980,-5672206,-2082554,-3613682,230193,-8388608,8388607,relajacion
1759632532.543254,1185000,-372264,-5577018,-2233747,-3802415,35606,-8388608,8351848,relajacion
1759632532.543364,1425219,-321720,-5532416,-2337711,-3936281,-105287,-8388608,8226197,relajacion
1759632532.5434735,1528016,-363906,-5568650,-2356515,-3937856,-110207,-8388608,8159627,relajacion
1759632532.543582,1534684,-482604,-5685498,-2301074,-3828656,-1386,-8388608,8139271,relajacion
1759632532.5436907,1577001,-587656,-5797331,-2253774,-3719245,109879,-8388608,8136984,relajacion
1759632532.5437996,2010983,-483652,-5719356,-2419639,-3925334,-100657,-8388608,8016884,relajacion
1759632532.543909,2242445,-449017,-5707419,-2552691,-4091227,-271759,-8388608,7878011,relajacion
1759632532.5440173,2228758,-496276,-5801527,-2615761,-4139642,-320506,-8388608,7784349,relajacion
1759632532.5441265,2279986,-579431,-6013349,-2620758,-4094697,-271044,-8388608,7733996,relajacion
1759632532.5442348,2339963,-674846,-6222404,-2623242,-4039649,-209705,-8388608,7725197,relajacion
1759632532.5443437,2203427,-816039,-6157529,-2727923,-4172827,-339760,-8388608,7687056,relajacion
1759632532.544462,2115551,-899485,-6151906,-2789894,-4258603,-422259,-8388608,7736038,relajacion
1759632532.5445716,2110086,-902980,-6144275,-2795524,-4263459,-424984,-8388608,7865957,relajacion
1759632532.5446818,2102383,-909357,-6149288,-2805443,-4271586,-431036,-8388608,7991388,relajacion
1759632532.5447922,2094081,-916606,-6160969,-2816322,-4280651,-438009,-8388608,8114636,relajacion
1759632532.6036448,2089453,-919189,-6167439,-2821667,-4284031,-439305,-8388608,8242471,relajacion
1759632532.6037557,2085591,-920970,-6173067,-2826159,-4286537,-439797,-8388608,8370163,relajacion
1759632532.603865,2079613,-925451,-6181669,-2833821,-4292231,-443448,-8388608,8388607,relajacion
1759632532.6039736,2071378,-932866,-6193342,-2844774,-4301294,-450449,-8388608,8388607,relajacion
1759632532.604082,2062768,-940905,-6205752,-2856427,-4311160,-458248,-8388608,8388607,relajacion
1759632532.604191,2057520,-944242,-6212976,-2862529,-4315399,-460301,-8388608,8388607,relajacion
1759632532.6043,2052689,-947043,-6219699,-2868154,-4319042,-461774,-8388608,8388607,relajacion
1759632532.6044166,2045466,-952981,-6229750,-2877320,-4326243,-466890,-8388608,8388607,relajacion
1759632532.604525,2035859,-962062,-6243102,-2890112,-4337049,-475689,-8388608,8388607,relajacion
1759632532.604638,2026322,-971387,-6256833,-2903280,-4348325,-484900,-8388608,8388607,relajacion
1759632532.6047468,2020994,-974922,-6264211,-2909601,-4352692,-487070,-8388608,8388607,relajacion
1759632532.6048555,2016363,-977532,-6270621,-2914951,-4356099,-488360,-8388608,8388607,relajacion
1759632532.6049654,2009212,-983409,-6280642,-2924077,-4363295,-493524,-8388608,8388607,relajacion
1759632532.6050746,1999539,-992563,-6294343,-2937177,-4374501,-502605,-8388608,8388607,relajacion
1759632532.605184,1989813,-1002020,-6308364,-2950719,-4386116,-512133,-8388608,8388607,relajacion
1759632532.6639435,1984389,-1005540,-6315761,-2957066,-4390319,-514297,-8388608,8388607,relajacion
1759632532.6640532,1979751,-1008193,-6322146,-2962449,-4393556,-515444,-8388608,8388607,relajacion
1759632532.664163,1972613,-1014204,-6332240,-2971763,-4400837,-520581,-8388608,8388607,relajacion
1759632532.6642714,1962976,-1023586,-6346096,-2985067,-4412304,-529847,-8388608,8388607,relajacion
1759632532.6643858,1953371,-1033068,-6360217,-2998719,-4424087,-539466,-8388608,8388607,relajacion
1759632532.664495,1948134,-1036447,-6367384,-3004907,-4428160,-541440,-8388608,8388607,relajacion
1759632532.6646037,1943544,-1039103,-6373677,-3010194,-4431408,-542512,-8388608,8388607,relajacion
1759632532.6647124,1936398,-1045156,-6383782,-3019540,-4438815,-547752,-8388608,8388607,relajacion
1759632532.664821,1926551,-1054655,-6397861,-3033084,-4450481,-557281,-8388608,8388607,relajacion
1759632532.664929,1916807,-1064288,-6412211,-3046986,-4462481,-567113,-8388608,8388607,relajacion
1759632532.6650374,1911568,-1067667,-6419452,-3053141,-4466571,-568919,-8388608,8388607,relajacion
1759632532.6651456,1907034,-1070203,-6425814,-3058331,-4469725,-569913,-8388608,8388607,relajacion
1759632532.6652548,1900004,-1076186,-6436017,-3067683,-4477043,-575144,-8388608,8388607,relajacion
1759632532.6653657,1890334,-1085713,-6450099,-3081256,-4488742,-584826,-8388608,8388607,relajacion
1759632532.6654794,1880660,-1095344,-6464377,-3095106,-4500788,-594891,-8388608,8388607,relajacion
1759632532.7241807,1875403,-1098694,-6471436,-3101111,-4504794,-596762,-8388608,8388607,relajacion
1759632532.72429,1870686,-1101375,-6477741,-3106389,-4508077,-597872,-8388608,8388607,relajacion
1759632532.7244067,1863474,-1107485,-6487852,-3115826,-4515617,-603259,-8388608,8388607,relajacion
1759632532.7245162,1853653,-1117184,-6501965,-3129476,-4527474,-613042,-8388608,8388607,relajacion
1759632532.7246249,1843930,-1126955,-6516277,-3143356,-4539556,-623104,-8388608,8388607,relajacion
1759632532.7247334,1838816,-1130298,-6523247,-3149381,-4543407,-624961,-8388608,8388607,relajacion
1759632532.7248423,1834261,-1132936,-6529498,-3154659,-4546566,-626052,-8388608,8388607,relajacion
1759632532.7249544,1827111,-1139070,-6539720,-3164130,-4554132,-631515,-8388608,8388607,relajacion
1759632532.7250628,1817299,-1148812,-6553942,-3177857,-4566079,-641392,-8388608,8388607,relajacion
1759632532.725171,1807543,-1158604,-6568376,-3191831,-4578224,-651591,-8388608,8388607,relajacion
1759632532.7252798,1802334,-1161991,-6575463,-3197908,-4582195,-653417,-8388608,8388607,relajacion
1759632532.7253883,1797741,-1164702,-6581813,-3203265,-4585432,-654446,-8388608,8388607,relajacion
1759632532.7254972,1790529,-1170878,-6592080,-3212821,-4592972,-659935,-8388608,8388607,relajacion
1759632532.7256062,1780677,-1180556,-6606204,-3226636,-4604864,-669785,-8388608,8388607,relajacion
1759632532.725715,1770874,-1190303,-6620537,-3240647,-4616986,-679886,-8388608,8388607,relajacion
1759632532.783563,1765632,-1193700,-6627650,-3246666,-4620997,-681791,-8388608,8388607,relajacion
1759632532.783673,1760990,-1196438,-6634018,-3252013,-4624312,-682959,-8388608,8388607,relajacion
1759632532.7837815,1753674,-1202698,-6644416,-3261617,-4631976,-688512,-8388608,8388607,relajacion
1759632532.7838907,1743796,-1212443,-6658748,-3275469,-4644077,-698537,-8388608,8388607,relajacion
1759632532.783999,1734045,-1222189,-6673086,-3289451,-4656339,-708754,-8388608,8388607,relajacion
1759632532.784108,1728824,-1225521,-6680072,-3295514,-4660377,-710618,-8388608,8388607,relajacion
1759632532.7842164,1724339,-1228242,-6686382,-3300810,-4663619,-711734,-8388608,8388607,relajacion
1759632532.7843251,1717112,-1234539,-6696659,-3310396,-4671268,-717333,-8388608,8388607,relajacion
1759632532.7844422,1707182,-1244386,-6710955,-3324309,-4683308,-727362,-8388608,8388607,relajacion
1759632532.7845511,1697435,-1254223,-6725344,-3338431,-4695454,-737488,-8388608,8388607,relajacion
1759632532.7846594,1692131,-1257684,-6732492,-3344661,-4699417,-739347,-8388608,8388607,relajacion
1759632532.7847686,1687404,-1260511,-6738945,-3350167,-4702786,-740554,-8388608,8388607,relajacion
1759632532.7848773,1680161,-1266818,-6749372,-3359880,-4710531,-746144,-8388608,8388607,relajacion
1759632532.784987,1670303,-1276582,-6763694,-3373852,-4722566,-756136,-8388608,8388607,relajacion
1759632532.7850962,1660655,-1286296,-6777952,-3387838,-4734637,-766236,-8388608,8388607,relajacion
1759632532.8432398,1655462,-1289706,-6784993,-3393904,-4738534,-768109,-8388608,8388607,relajacion
1759632532.8433504,1650741,-1292517,-6791454,-3399346,-4741866,-769347,-8388608,8388607,relajacion
1759632532.8434591,1643400,-1298856,-6801932,-3409132,-4749592,-775017,-8388608,8388607,relajacion
1759632532.8435686,1633462,-1308749,-6816411,-3423196,-4761732,-785161,-8388608,8388607,relajacion
1759632532.8436773,1623826,-1318576,-6830786,-3437202,-4773934,-795317,-8388608,8388607,relajacion
1759632532.8437903,1618641,-1322041,-6837870,-3443241,-4777962,-797236,-8388608,8388607,relajacion
1759632532.8438993,1613938,-1324865,-6844347,-3448795,-4781384,-798531,-8388608,8388607,relajacion
1759632532.844008,1606762,-1331145,-6854639,-3458465,-4789129,-804179,-8388608,8388607,relajacion
1759632532.8441167,1596921,-1340924,-6868903,-3472290,-4801191,-814177,-8388608,8388607,relajacion
1759632532.844226,1587204,-1350652,-6883176,-3486176,-4813242,-824205,-8388608,8388607,relajacion
1759632532.8443344,1581908,-1354181,-6890311,-3492408,-4817389,-826279,-8388608,8388607,relajacion
1759632532.844453,1577053,-1357192,-6897001,-3498207,-4821106,-827891,-8388608,8388607,relajacion
1759632532.844563,1569746,-1363572,-6907436,-3508051,-4828971,-833597,-8388608,8388607,relajacion
1759632532.8446724,1560008,-1373276,-6921585,-3521851,-4840888,-843379,-8388608,8388607,relajacion
1759632532.8447824,1550526,-1382731,-6935558,-3535456,-4852691,-853081,-8388608,8388607,relajacion
1759632532.9035065,1545287,-1386242,-6942844,-3541825,-4857079,-855276,-8388608,8388607,relajacion
1759632532.9036157,1540353,-1389487,-6949941,-3547970,-4861185,-857248,-8388608,8388607,relajacion
1759632532.9037251,1533020,-1395902,-6960523,-3557896,-4869099,-863089,-8388608,8388607,relajacion
1759632532.903834,1537353,-1402162,-6957920,-3590711,-4872464,-862011,-8388608,8388607,relajacion
1759632532.9039435,1800775,-1418054,-6732188,-3678954,-4784862,-804427,-8388608,8388607,relajacion
1759632532.9040527,2440291,-1441136,-6234061,-3613859,-4673355,-871785,-8388608,8388607,relajacion
1759632532.9041624,2710637,-1529504,-5741750,-3562394,-4625659,-923188,-8388608,8388607,relajacion
1759632532.9042714,2674321,-1662801,-5315694,-3565378,-4575082,-885568,-8388608,8388607,relajacion
1759632532.9043863,2356512,-1847253,-4964439,-3645328,-4514403,-758399,-8388608,8388607,relajacion
1759632532.9044971,2135937,-1985244,-4620439,-3710931,-4437718,-643788,-8388608,8388607,relajacion
1759632532.9046068,2629931,-1951841,-4247247,-3647634,-4415596,-771864,-8388608,8388607,relajacion
1759632532.9047155,2904554,-1975415,-3936446,-3645437,-4408914,-842677,-8388608,8388607,relajacion
1759632532.904825,2861554,-2049854,-3647904,-3693620,-4369646,-808329,-8388608,8388607,relajacion
1759632532.9049344,2553976,-2165348,-3375149,-3777972,-4298126,-669530,-8344513,8388607,relajacion
1759632532.905044,2339574,-2238521,-3079569,-3821247,-4203811,-537979,-8165535,8388607,relajacion
1759632532.963965,2805089,-2149449,-2747332,-3711051,-4149932,-631056,-8155221,8388607,relajacion
1759632532.964074,3070923,-2118680,-2464472,-3657831,-4108831,-666243,-8126539,8388607,relajacion
1759632532.964183,3046258,-2148619,-2203741,-3667664,-4048969,-610402,-8032897,8388607,relajacion
1759632532.964295,2792133,-2232162,-1962264,-3726297,-3967148,-458884,-7869519,8388607,relajacion
1759632532.9644122,2619941,-2293333,-1716886,-3760597,-3881850,-332412,-7711823,8388607,relajacion
1759632532.964522,3041964,-2216705,-1469527,-3641862,-3863406,-452472,-7738093,8388607,relajacion
1759632532.9646306,3267435,-2192039,-1260231,-3540082,-3847094,-505501,-7740619,8388607,relajacion
1759632532.9647396,3233258,-2218067,-1055041,-3493904,-3796759,-454893,-7662738,8388607,relajacion
1759632532.9648478,3003681,-2281931,-849457,-3503099,-3708740,-294370,-7496859,8388607,relajacion
1759632532.9649577,2896518,-2311483,-631758,-3503252,-3610741,-150672,-7325672,8388607,relajacion
1759632532.965066,3376138,-2217632,-428502,-3385990,-3593916,-261182,-7349602,8388607,relajacion
1759632532.965176,3698594,-2176572,-258279,-3321479,-3578116,-305657,-7350982,8388607,relajacion
1759632532.9652848,3776828,-2195137,-99174,-3326074,-3538617,-258924,-7282429,8388607,relajacion
1759632532.9653945,3651139,-2258739,54864,-3377222,-3468136,-110624,-7133648,8388607,relajacion
1759632532.9655037,3597184,-2298926,210858,-3408837,-3397957,10580,-6989089,8388607,relajacion
1759632533.0242624,4011346,-2244175,319186,-3344925,-3441577,-149074,-7071134,8388607,relajacion
1759632533.0243714,4255432,-2221491,420423,-3309162,-3463116,-224192,-7111026,8388607,relajacion
1759632533.0244873,4284496,-2236714,540331,-3315244,-3433056,-184087,-7053621,8388607,relajacion
1759632533.024596,4123013,-2294497,666437,-3359849,-3361370,-33639,-6905557,8388607,relajacion
1759632533.024706,4026780,-2334962,788606,-3390612,-3295686,84649,-6766471,8388607,relajacion
1759632533.024815,4373683,-2285082,854262,-3334846,-3355439,-84256,-6864398,8388607,relajacion
1759632533.0249252,4549962,-2272662,913319,-3310544,-3395467,-172523,-6924237,8388607,relajacion
1759632533.025034,4520456,-2297349,994766,-3326162,-3381746,-145991,-6885393,8388607,relajacion
1759632533.0251431,4310478,-2361314,1087762,-3377779,-3322311,-7027,-6752839,8388607,relajacion
1759632533.0252512,4160511,-2415721,1171608,-3424093,-3277020,92034,-6636949,8388607,relajacion
1759632533.025361,4438584,-2385865,1193285,-3388081,-3364822,-98785,-6764117,8388607,relajacion
1759632533.0254705,4550931,-2393886,1210621,-3382266,-3430614,-207637,-6851465,8388607,relajacion
1759632533.0255806,4471671,-2436176,1253933,-3414276,-3439018,-200584,-6837148,8388607,relajacion
1759632533.02569,4233261,-2507344,1319458,-3471271,-3390923,-73032,-6719469,8388607,relajacion
1759632533.0258002,4079657,-2552537,1392173,-3505623,-3341639,28749,-6603719,8388607,relajacion
1759632533.083629,4353751,-2512582,1405872,-3454951,-3425275,-154534,-6729929,8388607,relajacion
1759632533.083742,4471753,-2505914,1422003,-3429884,-3481607,-252230,-6811551,8388607,relajacion
1759632533.083851,4406278,-2530510,1467381,-3441727,-3477186,-232608,-6788842,8388607,relajacion
1759632533.0839603,4178911,-2586400,1534626,-3483707,-3417360,-94459,-6663865,8388607,relajacion
1759632533.0840695,4014903,-2634357,1592240,-3523732,-3374579,858,-6558174,8388607,relajacion
1759632533.0841794,4253714,-2615606,1574072,-3497361,-3483411,-203081,-6711260,8388607,relajacion
1759632533.0842876,4342165,-2628719,1566931,-3493779,-3561870,-319347,-6816798,8388607,relajacion
1759632533.0844088,4260206,-2665617,1608619,-3519209,-3571363,-312017,-6810367,8388607,relajacion
1759632533.084519,4037570,-2718807,1690768,-3559254,-3509669,-172831,-6686492,8388607,relajacion
1759632533.0846314,3917598,-2733019,1791188,-3566296,-3436879,-51265,-6555424,8388607,relajacion
1759632533.084742,4219020,-2657900,1838086,-3485034,-3495346,-205876,-6663049,8388607,relajacion
1759632533.084853,4358281,-2621482,1884974,-3433081,-3528162,-276957,-6727254,8388607,relajacion
1759632533.084962,4312597,-2623597,1953577,-3422464,-3505541,-238826,-6692349,8388607,relajacion
1759632533.085072,4102643,-2662954,2038066,-3444646,-3430244,-86664,-6557689,8388607,relajacion
1759632533.0851817,3974516,-2683879,2120658,-3452545,-3363987,28364,-6435566,8388607,relajacion
1759632533.1433785,4255949,-2623941,2142051,-3379970,-3438406,-139077,-6560440,8388607,relajacion
1759632533.1434927,4371629,-2606165,2162045,-3338621,-3488626,-224071,-6642509,8388607,relajacion
1759632533.1436017,4283248,-2646029,2185238,-3358480,-3501922,-218497,-6643737,8388607,relajacion
1759632533.14371,4018861,-2734712,2213348,-3424536,-3473679,-110700,-6556125,8388607,relajacion
1759632533.1438184,3846282,-2798144,2244816,-3471676,-3450082,-37064,-6477397,8388607,relajacion
1759632533.1439264,4100573,-2764844,2232099,-3423541,-3553554,-230842,-6632262,8388607,relajacion
1759632533.144035,4200334,-2764489,2229650,-3395871,-3621796,-331794,-6733283,8388607,relajacion
1759632533.144144,4132178,-2790802,2259969,-3398413,-3622928,-315232,-6724724,8388607,relajacion
1759632533.144252,3917017,-2840405,2319844,-3422004,-3557322,-173370,-6602941,8388607,relajacion
1759632533.1443603,3788804,-2865893,2380751,-3430177,-3498541,-67949,-6492509,8388607,relajacion
1759632533.1444778,4099203,-2776083,2413543,-3325633,-3551472,-213290,-6600254,8388607,relajacion
1759632533.1445863,4236756,-2737977,2439443,-3255256,-3584691,-279426,-6668003,8388607,relajacion
1759632533.1446943,4179015,-2755647,2471069,-3241084,-3576593,-252686,-6650441,8388607,relajacion
1759632533.1448026,3942894,-2826080,2505283,-3275261,-3527259,-124957,-6543974,8388607,relajacion
1759632533.1449113,3802608,-2869649,2541466,-3292324,-3484536,-35607,-6449911,8388607,relajacion
1759632533.20366,4118717,-2785743,2560234,-3188290,-3544972,-187420,-6565409,8388607,relajacion
1759632533.2037709,4258669,-2754485,2573395,-3119726,-3584510,-257913,-6638814,8388607,relajacion
1759632533.2038803,4204624,-2779384,2592583,-3108247,-3583174,-237309,-6628302,8388607,relajacion
1759632533.203988,3975401,-2858124,2615346,-3146486,-3540459,-116030,-6529233,8388607,relajacion
1759632533.2040963,3847405,-2907771,2641814,-3165311,-3503522,-33617,-6442916,8388607,relajacion
1759632533.204208,4177224,-2823904,2654609,-3056111,-3566582,-188080,-6562402,8388607,relajacion
1759632533.204317,4334775,-2794613,2662246,-2974079,-3607462,-258119,-6636456,8388607,relajacion
1759632533.2044346,4302307,-2824791,2673425,-2935707,-3608699,-238354,-6628000,8388607,relajacion
1759632533.2045424,4088162,-2916370,2682619,-2951634,-3570409,-117331,-6530924,8388607,relajacion
1759632533.2046502,3962378,-2975772,2695836,-2963399,-3539602,-41516,-6451596,8388607,relajacion
1759632533.204759,4264259,-2895096,2697929,-2858937,-3613118,-210842,-6586118,8388607,relajacion
1759632533.2048671,4350973,-2883779,2685669,-2812471,-3673577,-298907,-6679245,8388607,relajacion
1759632533.2049758,4291911,-2930968,2680883,-2829549,-3689571,-291537,-6683686,8388607,relajacion
1759632533.205084,4254234,-3042425,2673620,-2908697,-3665876,-182230,-6597042,8388607,relajacion
1759632533.2051926,4157471,-3119972,2693366,-2949431,-3628506,-103660,-6526315,8388607,relajacion
1759632533.263868,3955653,-3037677,2761818,-2821064,-3647607,-238713,-6685981,8388607,relajacion
1759632533.2639768,3849339,-3036131,2733445,-2803590,-3698718,-322156,-6790396,8388607,relajacion
1759632533.2640848,3850064,-3038511,2627406,-2908856,-3752935,-319432,-6791397,8388607,relajacion
1759632533.264193,3902329,-2986394,2655909,-3113244,-3816687,-267532,-6741696,8388607,relajacion
1759632533.2643008,3938655,-2949727,2686806,-3257706,-3832556,-231134,-6707914,8388607,relajacion
1759632533.2644155,3935765,-2950144,2679384,-3271832,-3834827,-230968,-6711307,8388607,relajacion
1759632533.2645235,3930372,-2953171,2669237,-3277570,-3839196,-233406,-6717359,8388607,relajacion
1759632533.264632,3922862,-2958876,2656236,-3286558,-3846606,-238884,-6726336,8388607,relajacion
1759632533.2647398,3913131,-2967411,2640199,-3298868,-3857357,-247682,-6738585,8388607,relajacion
1759632533.2648475,3903880,-2975481,2624709,-3310760,-3867634,-255991,-6750429,8388607,relajacion
1759632533.264955,3898513,-2978332,2614943,-3316514,-3871673,-258012,-6756016,8388607,relajacion
1759632533.2650628,3893318,-2981157,2605245,-3322280,-3875739,-260091,-6761572,8388607,relajacion
1759632533.2651715,3885768,-2986853,2592431,-3331392,-3883249,-265538,-6770505,8388607,relajacion
1759632533.265284,3875900,-2995624,2576276,-3344173,-3894406,-274596,-6783083,8388607,relajacion
1759632533.2653942,3866650,-3003799,2560756,-3356278,-3904858,-283037,-6795039,8388607,relajacion
1759632533.324329,3861497,-3006283,2551461,-3361664,-3908616,-284709,-6800175,8388607,relajacion
1759632533.324449,3856351,-3008820,2542116,-3367230,-3912480,-286539,-6805432,8388607,relajacion
1759632533.3245592,3848773,-3014582,2529373,-3376468,-3920008,-292107,-6814389,8388607,relajacion
1759632533.324667,3838728,-3023623,2512990,-3389481,-3931519,-301551,-6827301,8388607,relajacion
1759632533.3247762,3829321,-3031974,2497346,-3401826,-3942357,-310311,-6839511,8388607,relajacion
1759632533.324884,3824261,-3034316,2488394,-3407062,-3945880,-311659,-6844392,8388607,relajacion
1759632533.3249922,3819274,-3036683,2479267,-3412423,-3949521,-313186,-6849411,8388607,relajacion
1759632533.325101,3811841,-3042384,2466489,-3421644,-3957077,-318653,-6858367,8388607,relajacion
1759632533.3252091,3801826,-3051466,2449864,-3434997,-3968796,-328300,-6871502,8388607,relajacion
1759632533.325317,3792413,-3059800,2434068,-3447577,-3979681,-337153,-6883832,8388607,relajacion
1759632533.3254244,3787416,-3062032,2425186,-3452710,-3982967,-338290,-6888374,8388607,relajacion
1759632533.3255324,3782410,-3064461,2416136,-3458055,-3986552,-339764,-6893204,8388607,relajacion
1759632533.3256416,3774864,-3070228,2403373,-3467366,-3994254,-345354,-6902198,8388607,relajacion
1759632533.3257508,3764723,-3079435,2386863,-3480806,-4006124,-355124,-6915476,8388607,relajacion
1759632533.32586,3755321,-3087915,2371183,-3493419,-4017097,-364059,-6927890,8388607,relajacion
1759632533.3844347,3750499,-3089983,2362593,-3498347,-4020135,-365032,-6932293,8388607,relajacion
1759632533.3845446,3745594,-3092238,2353706,-3503614,-4023597,-366454,-6937114,8388607,relajacion
1759632533.3846538,3738034,-3097998,2340971,-3513014,-4031286,-372064,-6946079,8388607,relajacion
1759632533.3847637,3727915,-3107261,2324251,-3526582,-4043263,-382011,-6959417,8388607,relajacion
1759632533.3848722,3718528,-3115746,2308472,-3539219,-4054339,-391048,-6971930,8388607,relajacion
1759632533.3849814,3713656,-3117895,2299972,-3544099,-4057449,-392054,-6976275,8388607,relajacion
1759632533.3850906,3708745,-3120274,2291094,-3549328,-4060952,-393486,-6981058,8388607,relajacion
1759632533.385199,3701117,-3126128,2278394,-3558706,-4068647,-399125,-6990137,8388607,relajacion
1759632533.3853085,3690981,-3135424,2261876,-3572246,-4080664,-409014,-7003531,8388607,relajacion
1759632533.3854172,3681611,-3143881,2246200,-3584858,-4091721,-417999,-7015916,8388607,relajacion
1759632533.3855257,3676771,-3146014,2237761,-3589667,-4094686,-418880,-7020090,8388607,relajacion
1759632533.3856392,3671751,-3148426,2229008,-3594996,-4098181,-420228,-7024811,8388607,relajacion
1759632533.385748,3664068,-3154434,2216267,-3604524,-4106120,-425986,-7033989,8388607,relajacion
1759632533.3858583,3653885,-3163808,2199619,-3618175,-4118281,-436086,-7047541,8388607,relajacion
1759632533.3859673,3644497,-3172206,2184026,-3630742,-4129349,-445101,-7059986,8388607,relajacion
1759632533.4434123,3639669,-3174280,2175736,-3635471,-4132266,-445941,-7064202,8388607,relajacion
1759632533.4435215,3634836,-3176617,2167139,-3640577,-4135597,-447197,-7068858,8388607,relajacion
1759632533.4436302,3627267,-3182497,2154532,-3649906,-4143391,-452862,-7077933,8388607,relajacion
1759632533.4437392,3617051,-3191861,2137959,-3663594,-4155572,-462957,-7091535,8388607,relajacion
1759632533.4438477,3607678,-3200262,2122381,-3676249,-4166586,-471982,-7103995,8388607,relajacion
1759632533.443956,3602741,-3202472,2114037,-3681035,-4169576,-472816,-7108132,8388607,relajacion
1759632533.4440649,3597794,-3204875,2105251,-3686276,-4173134,-474197,-7112930,8388607,relajacion
1759632533.4441726,3590213,-3210738,2092647,-3695691,-4180947,-479944,-7122032,8388607,relajacion
1759632533.4442818,3580081,-3220124,2076146,-3709332,-4193047,-489991,-7135492,8388607,relajacion
1759632533.4443984,3570814,-3228452,2060787,-3721829,-4204012,-498877,-7147741,8388607,relajacion
1759632533.4445076,3565904,-3230482,2052528,-3726566,-4206998,-499702,-7151849,8388607,relajacion
1759632533.4446158,3560928,-3232923,2043844,-3731855,-4210567,-501163,-7156622,8388607,relajacion
1759632533.4447253,3553296,-3238846,2031243,-3741298,-4218404,-506928,-7165764,8388607,relajacion
1759632533.444834,3543118,-3248273,2014720,-3754897,-4230553,-517000,-7179259,8388607,relajacion
1759632533.4449434,3533816,-3256623,1999403,-3767384,-4241408,-525840,-7191533,8388607,relajacion
1759632533.503611,3528909,-3258717,1991164,-3772159,-4244365,-526667,-7195802,8388607,relajacion
1759632533.5037203,3523872,-3261229,1982448,-3777448,-4247913,-528154,-7200725,8388607,relajacion
1759632533.5038292,3516281,-3267056,1969933,-3786816,-4255607,-533822,-7209811,8388607,relajacion
1759632533.5039382,3506216,-3276312,1953564,-3800414,-4267585,-543724,-7223192,8388607,relajacion
1759632533.5040505,3496999,-3284584,1938280,-3812866,-4278364,-552461,-7235459,8388607,relajacion
1759632533.5041597,3492079,-3286751,1929899,-3817712,-4281432,-553455,-7239833,8388607,relajacion
1759632533.5042682,3486950,-3289396,1921045,-3823171,-4285249,-555149,-7244876,8388607,relajacion
1759632533.5043838,3479341,-3295396,1908528,-3832548,-4293049,-560909,-7254072,8388607,relajacion
1759632533.5044937,3469318,-3304664,1892351,-3845909,-4304904,-570795,-7267416,8388607,relajacion
1759632533.5046053,3460116,-3312840,1877235,-3858073,-4315587,-579454,-7279442,8388607,relajacion
1759632533.5047135,3455248,-3314967,1868895,-3862932,-4318831,-580548,-7283856,8388607,relajacion
1759632533.504822,3450124,-3317637,1860033,-3868496,-4322787,-582364,-7289037,8388607,relajacion
1759632533.5049305,3442532,-3323576,1847541,-3877884,-4330601,-588090,-7298120,8388607,relajacion
1759632533.5050387,3432634,-3332665,1831583,-3890970,-4342087,-597539,-7310935,8388607,relajacion
1759632533.5051482,3423525,-3340694,1816741,-3902886,-4352341,-605873,-7322592,8388607,relajacion
1759632533.5639098,3417884,-3345461,1806564,-3908258,-4356634,-608169,-7328311,8388607,relajacion
1759632533.5640204,3460035,-3371325,1683405,-3894196,-4377651,-632628,-7353844,8388607,relajacion
1759632533.5641284,3709628,-3046626,1133633,-3798298,-4360918,-682886,-7355416,8388607,relajacion
1759632533.5642366,3567467,-2503367,433308,-3662088,-4170486,-674958,-7177959,8388607,relajacion
1759632533.5643451,3477032,-1864203,-104414,-3558234,-4035134,-655070,-7054299,8388607,relajacion
1759632533.5644605,4004429,-832588,-418671,-3510614,-4167599,-742561,-7228068,8388607,relajacion
1759632533.5645683,4154301,-170348,-694872,-3455951,-4206145,-798399,-7296465,8388607,relajacion
1759632533.5646763,4027756,185613,-938478,-3364470,-4122472,-779469,-7228782,8388607,relajacion
1759632533.5647843,3803944,387187,-1040332,-3117029,-3792932,-573912,-6899567,8388607,relajacion
1759632533.5648932,3812224,664649,-1081398,-2870906,-3513237,-372085,-6628864,8388607,relajacion
1759632533.565002,4300582,1245621,-1115651,-2785121,-3605604,-406458,-6769410,8388607,relajacion
1759632533.5651095,4498418,1562919,-1144366,-2682823,-3601762,-409219,-6796147,8388607,relajacion
1759632533.5652184,4473099,1677870,-1163733,-2540302,-3474127,-337470,-6682413,8388607,relajacion
1759632533.5653272,4261573,1643003,-1151591,-2321907,-3171762,-156497,-6374553,8388607,relajacion
1759632533.565436,4214996,1720063,-1129097,-2140019,-2952344,-13767,-6160890,8388607,relajacion
1759632533.6241858,4565560,2082380,-1132265,-2146577,-3135762,-138760,-6396632,8388607,relajacion
1759632533.6242957,4660573,2191607,-1110730,-2119206,-3207406,-213426,-6500461,8388607,relajacion
1759632533.6244102,4571708,2083104,-1045432,-2034051,-3136339,-193822,-6442807,8388607,relajacion
1759632533.6245186,4308764,1790543,-959462,-1879909,-2893408,-71972,-6191531,8388607,relajacion
1759632533.6246278,4198306,1603823,-875518,-1776461,-2745991,-3798,-6048947,8388607,relajacion
1759632533.6247363,4470893,1781303,-754144,-1849144,-2988871,-190859,-6349895,8388607,relajacion
1759632533.6248443,4511963,1775480,-612409,-1872597,-3105912,-312907,-6502136,8388607,relajacion
1759632533.6249528,4381325,1604969,-496792,-1838511,-3080856,-341649,-6490514,8388607,relajacion
1759632533.6250656,4098031,1290129,-422360,-1732423,-2880327,-264462,-6279007,8388607,relajacion
1759632533.625173,3972970,1119349,-395544,-1672902,-2772336,-234764,-6174616,8388607,relajacion
1759632533.6252816,4212235,1335751,-388375,-1784387,-3051863,-453832,-6516249,8388607,relajacion
1759632533.6253898,4244724,1371561,-393696,-1835766,-3194691,-597028,-6696269,8388607,relajacion
1759632533.6254983,4125059,1246289,-399951,-1821437,-3185471,-637679,-6700563,8388607,relajacion
1759632533.6256063,3857259,968631,-402347,-1730314,-2994174,-568368,-6496879,8388607,relajacion
1759632533.6257148,3744003,822866,-422424,-1685366,-2894749,-544917,-6400772,8388607,relajacion
1759632533.6845553,3981438,1052224,-443744,-1805609,-3176853,-760159,-6747801,8388607,relajacion
1759632533.684666,4013378,1100187,-451454,-1861212,-3318515,-896669,-6927894,8388607,relajacion
1759632533.6847742,3894685,981632,-463343,-1854521,-3311418,-936511,-6934038,8388607,relajacion
1759632533.6848822,3622241,702738,-489767,-1780376,-3129871,-878171,-6737443,8388607,relajacion
1759632533.6849897,3489789,557270,-526185,-1762971,-3051057,-876334,-6659999,8388607,relajacion
1759632533.6850982,3689578,781219,-554670,-1913767,-3356921,-1109937,-7033764,8388607,relajacion
1759632533.6852064,3686343,816791,-589274,-2000983,-3523924,-1266070,-7239914,8388607,relajacion
1759632533.685315,3543158,691558,-631161,-2022711,-3540132,-1324731,-7268076,8388607,relajacion
1759632533.685423,3268287,420063,-670997,-1961741,-3368478,-1273957,-7078066,8388607,relajacion
1759632533.6855304,3146616,290249,-704314,-1944814,-3287784,-1268061,-6997192,8388607,relajacion
1759632533.685639,3357031,525358,-722626,-2089166,-3581477,-1483434,-7363466,8388607,relajacion
1759632533.685747,3383440,578884,-742407,-2160021,-3729491,-1613892,-7553031,8388607,relajacion
1759632533.685859,3280531,479096,-770018,-2161661,-3726059,-1648310,-7561371,8388607,relajacion
1759632533.6859682,3058647,233600,-797659,-2081301,-3536921,-1579197,-7350671,8388607,relajacion
1759632533.6860764,2993854,129152,-823981,-2049826,-3443058,-1560207,-7255636,8388607,relajacion
1759632533.7439363,3238851,381023,-846839,-2182734,-3721787,-1755263,-7611413,8388607,relajacion
1759632533.744048,3295748,450954,-872038,-2241897,-3854124,-1865831,-7787194,8388607,relajacion
1759632533.744157,3219219,367670,-900137,-2233013,-3836611,-1885976,-7781332,8388607,relajacion
1759632533.7442658,3006773,138454,-930409,-2143446,-3635513,-1809001,-7556914,8388607,relajacion
1759632533.7443736,2929816,46731,-959121,-2106092,-3534457,-1783866,-7454084,8388607,relajacion
1759632533.7444928,3154721,300138,-974396,-2233101,-3803014,-1959595,-7802582,8388607,relajacion
1759632533.7446065,3199193,372052,-991559,-2285557,-3924722,-2051049,-7968537,8388607,relajacion
1759632533.7447152,3118212,294939,-1018449,-2271044,-3899518,-2058327,-7953882,8388607,relajacion
1759632533.7448237,2911436,80479,-1053753,-2175711,-3692551,-1973000,-7718907,8388607,relajacion
1759632533.7449324,2849063,6219,-1090073,-2135587,-3586190,-1941952,-7609858,8388607,relajacion
1759632533.7450402,3081670,270023,-1112984,-2260015,-3843965,-2102766,-7953097,8388607,relajacion
1759632533.7451494,3135058,354234,-1137715,-2308601,-3959429,-2179458,-8111892,8388607,relajacion
1759632533.745258,3064076,290389,-1172201,-2291160,-3932640,-2177549,-8091941,8388607,relajacion
1759632533.745367,2868329,82994,-1212841,-2192317,-3728137,-2087057,-7851045,8388607,relajacion
1759632533.745475,2814008,13200,-1251252,-2148944,-3622653,-2053226,-7740958,8388607,relajacion
1759632533.803668,3049749,276389,-1270294,-2267291,-3870414,-2204449,-8082292,8388607,relajacion
1759632533.8037772,3107693,361780,-1290068,-2307950,-3979063,-2269796,-8234565,8388607,relajacion
1759632533.8038852,3042518,301650,-1316697,-2283599,-3948237,-2258784,-8208337,8388607,relajacion
1759632533.8039925,2851171,102003,-1346148,-2180031,-3743973,-2160970,-7963014,8388607,relajacion
1759632533.8041005,2798651,38056,-1371771,-2133326,-3637053,-2121815,-7851279,8388607,relajacion
1759632533.804207,3032555,298660,-1378954,-2248301,-3877957,-2269006,-8190912,8388607,relajacion
1759632533.804315,3088372,379959,-1389785,-2287341,-3984558,-2330616,-8334494,8388607,relajacion
1759632533.8044329,3020707,318012,-1408283,-2261091,-3952557,-2314328,-8294957,8388607,relajacion
1759632533.8045404,2825174,119422,-1429367,-2154764,-3746745,-2207759,-8042696,8388607,relajacion
1759632533.8046482,2766919,61358,-1446756,-2106612,-3638371,-2161261,-7929704,8388607,relajacion
1759632533.8047564,2986469,311714,-1456199,-2228659,-3881182,-2314381,-8273934,8388607,relajacion
1759632533.8048644,3025529,379647,-1470039,-2276974,-3993331,-2382646,-8388608,8388607,relajacion
1759632533.8049731,2969047,326554,-1467829,-2239337,-3949737,-2350172,-8367409,8388607,relajacion
1759632533.8050814,2800234,141176,-1455596,-2109754,-3722084,-2212223,-8084096,8388607,relajacion
1759632533.80519,2780240,89166,-1441734,-2041534,-3594642,-2138806,-7951246,8388607,relajacion
1759632533.8052988,3056358,353812,-1407973,-2132619,-3804586,-2261814,-8264633,8388607,relajacion
1759632533.8649223,3114246,409775,-1406320,-2175551,-3906771,-2321675,-8388608,8388607,relajacion
1759632533.8650317,3069281,357365,-1387792,-2135903,-3857097,-2279558,-8339649,8388607,relajacion
1759632533.8651402,2873116,153644,-1387919,-2029344,-3645492,-2148762,-8070790,8388607,relajacion
1759632533.865252,2887394,146661,-1322206,-1939867,-3495611,-2042624,-7917684,8388607,relajacion
1759632533.8653612,3345775,591938,-1093334,-1894731,-3578666,-2039669,-8112096,8388607,relajacion
1759632533.8654697,3506274,755416,-944133,-1843656,-3588707,-2008329,-8164390,8388607,relajacion
1759632533.8655777,3442100,694267,-886558,-1803533,-3533847,-1958516,-8107489,8388607,relajacion
