timestamp,ch1,ch2,ch3,ch4,ch5,ch6,ch7,ch8
1764115902.2678642,-8388608,16584,-8388608,68456,-8388608,-104369,-8388608,392139
1764115902.268011,-8388608,18126,-8388608,69399,-8388608,-103564,-8388608,394914
1764115902.2681322,-8388608,18554,-8388608,69686,-8388608,-101924,-8388608,396631
1764115902.2682483,-8388608,18669,-8388608,69931,-8388608,-101767,-8388608,399719
1764115902.2683637,-8388608,18353,-8388608,70544,-8388608,-103007,-8388608,403419
1764115902.2684784,-8388608,17708,-8388608,72446,-8388608,-103451,-8388608,406294
1764115902.268594,-8388608,19514,-8388608,74104,-8388608,-104036,-8388608,407909
1764115902.2687135,-8388608,20704,-8388608,71694,-8388608,-101448,-8388608,410191
1764115902.2688446,-8388608,20417,-8388608,68309,-8388608,-98021,-8388608,413112
1764115902.2689717,-8388608,19504,-8388608,67907,-8388608,-99120,-8388608,416174
1764115902.2690864,-8388608,18370,-8388608,69671,-8388608,-103491,-8388608,418272
1764115902.269201,-8388608,18829,-8388608,70118,-8388608,-101753,-8388608,422002
1764115902.2693188,-8388608,20548,-8388608,69836,-8388608,-101026,-8388608,424585
1764115902.2694325,-8388608,19091,-8388608,69461,-8388608,-99284,-8388608,427499
1764115902.269545,-8388608,18248,-8388608,69511,-8388608,-99766,-8388608,430466
1764115902.3266335,-8388608,19191,-8388608,70342,-8388608,-101621,-8388608,433165
1764115902.326761,-8388608,19978,-8388608,70394,-8388608,-102390,-8388608,434913
1764115902.3268843,-8388608,20468,-8388608,70411,-8388608,-101728,-8388608,436383
1764115902.3270068,-8388608,21966,-8388608,70363,-8388608,-102216,-8388608,439666
1764115902.327129,-8388608,18527,-8388608,69851,-8388608,-101967,-8388608,442031
1764115902.327237,-8388608,16361,-8388608,69052,-8388608,-101717,-8388608,443650
1764115902.3273447,-8388608,17448,-8388608,69183,-8388608,-100597,-8388608,446131
1764115902.3274515,-8388608,18870,-8388608,71163,-8388608,-99897,-8388608,448579
1764115902.3275585,-8388608,19455,-8388608,69778,-8388608,-99751,-8388608,450679
1764115902.3276656,-8388608,18332,-8388608,68437,-8388608,-101195,-8388608,453765
1764115902.3277729,-8388608,16745,-8388608,67885,-8388608,-100806,-8388608,455824
1764115902.3278809,-8388608,16640,-8388608,67108,-8388608,-97909,-8388608,457627
1764115902.3279881,-8388608,18770,-8388608,69063,-8388608,-101599,-8388608,460202
1764115902.3280962,-8388608,19153,-8388608,69233,-8388608,-101524,-8388608,461353
1764115902.3282049,-8388608,17620,-8388608,68759,-8388608,-100359,-8388608,463209
1764115902.3855019,-8388608,17529,-8388608,68839,-8388608,-100674,-8388608,465833
1764115902.385609,-8388608,18651,-8388608,69940,-8388608,-100405,-8388608,468506
1764115902.3857162,-8388608,20124,-8388608,70687,-8388608,-99838,-8388608,471569
1764115902.3858232,-8388608,20830,-8388608,71019,-8388608,-99557,-8388608,474011
1764115902.38593,-8388608,19597,-8388608,70701,-8388608,-99967,-8388608,475889
1764115902.3860366,-8388608,17059,-8388608,70363,-8388608,-100315,-8388608,478210
1764115902.3861434,-8388608,18623,-8388608,71375,-8388608,-101059,-8388608,481274
1764115902.3862607,-8388608,19387,-8388608,71760,-8388608,-101890,-8388608,483941
1764115902.3863678,-8388608,18857,-8388608,72007,-8388608,-102903,-8388608,486798
1764115902.3864741,-8388608,17434,-8388608,71256,-8388608,-103120,-8388608,488417
1764115902.3865814,-8388608,16614,-8388608,70865,-8388608,-103217,-8388608,490426
1764115902.3866892,-8388608,18213,-8388608,70676,-8388608,-101579,-8388608,491969
1764115902.3867974,-8388608,16736,-8388608,69504,-8388608,-97086,-8388608,492967
1764115902.386904,-8388608,16870,-8388608,70090,-8388608,-98854,-8388608,495471
1764115902.3870108,-8388608,17153,-8388608,70359,-8388608,-101048,-8388608,498570
1764115902.445717,-8388608,17483,-8388608,71259,-8388608,-103051,-8388608,501265
1764115902.4458253,-8388608,18996,-8388608,71595,-8388608,-103024,-8388608,503042
1764115902.445934,-8388608,19456,-8388608,71959,-8388608,-101097,-8388608,505683
1764115902.4460418,-8388608,19029,-8388608,72096,-8388608,-100739,-8388608,507681
1764115902.4461496,-8388608,17546,-8388608,70312,-8388608,-102045,-8388608,509184
1764115902.4462578,-8388608,17769,-8388608,70219,-8388608,-103416,-8388608,511436
1764115902.4463658,-8388608,18321,-8388608,70821,-8388608,-102317,-8388608,513078
1764115902.4464738,-8388608,18843,-8388608,72478,-8388608,-103012,-8388608,514194
1764115902.446582,-8388608,18564,-8388608,72151,-8388608,-103209,-8388608,516337
1764115902.4466894,-8388608,17333,-8388608,70074,-8388608,-103391,-8388608,518334
1764115902.446796,-8388608,18325,-8388608,69174,-8388608,-103431,-8388608,520760
1764115902.4469035,-8388608,21106,-8388608,70281,-8388608,-102417,-8388608,523203
1764115902.4470115,-8388608,19947,-8388608,70290,-8388608,-100697,-8388608,525107
1764115902.4471188,-8388608,18668,-8388608,68363,-8388608,-101739,-8388608,527189
1764115902.447226,-8388608,13934,-8388608,67012,-8388608,-102481,-8388608,528726
1764115902.5060043,-8388608,14498,-8388608,67673,-8388608,-103741,-8388608,529488
1764115902.506112,-8388608,16869,-8388608,68373,-8388608,-103782,-8388608,531804
1764115902.5062196,-8388608,17753,-8388608,68359,-8388608,-102329,-8388608,534833
1764115902.5063276,-8388608,16951,-8388608,67886,-8388608,-102396,-8388608,537182
1764115902.5064352,-8388608,15587,-8388608,67336,-8388608,-103411,-8388608,539389
1764115902.506557,-8388608,15151,-8388608,67043,-8388608,-103272,-8388608,541112
1764115902.506664,-8388608,16191,-8388608,67538,-8388608,-102072,-8388608,542379
1764115902.5067723,-8388608,17804,-8388608,68464,-8388608,-101619,-8388608,544554
1764115902.5068808,-8388608,18283,-8388608,68963,-8388608,-104166,-8388608,545559
1764115902.5069883,-8388608,17218,-8388608,68323,-8388608,-104496,-8388608,548163
1764115902.5070958,-8388608,16630,-8388608,67853,-8388608,-102744,-8388608,550449
1764115902.5072036,-8388608,18098,-8388608,69492,-8388608,-104534,-8388608,553009
1764115902.507312,-8388608,19985,-8388608,70013,-8388608,-104618,-8388608,554111
1764115902.5074203,-8388608,19093,-8388608,69348,-8388608,-102042,-8388608,556246
1764115902.5075278,-8388608,17329,-8388608,68449,-8388608,-101579,-8388608,557420
1764115902.5663414,-8388608,16322,-8388608,67474,-8388608,-103107,-8388608,558306
1764115902.5664492,-8388608,18011,-8388608,68218,-8388608,-103236,-8388608,560363
1764115902.566557,-8388608,19786,-8388608,70248,-8388608,-103391,-8388608,562371
1764115902.5666647,-8388608,18807,-8388608,69849,-8388608,-101657,-8388608,563438
1764115902.5667722,-8388608,17695,-8388608,68094,-8388608,-100516,-8388608,564901
1764115902.5668786,-8388608,17403,-8388608,68586,-8388608,-101604,-8388608,568006
1764115902.566985,-8388608,18321,-8388608,70209,-8388608,-101233,-8388608,569928
1764115902.567091,-8388608,19988,-8388608,71317,-8388608,-100702,-8388608,570379
1764115902.5671978,-8388608,19875,-8388608,71046,-8388608,-100849,-8388608,571750
1764115902.5673041,-8388608,18128,-8388608,70303,-8388608,-100831,-8388608,573912
1764115902.567411,-8388608,17260,-8388608,69955,-8388608,-101153,-8388608,575656
1764115902.567519,-8388608,18513,-8388608,70931,-8388608,-101214,-8388608,577481
1764115902.5676303,-8388608,19649,-8388608,71193,-8388608,-100447,-8388608,579791
1764115902.5677385,-8388608,19875,-8388608,71481,-8388608,-101447,-8388608,580949
1764115902.567847,-8388608,18743,-8388608,71436,-8388608,-101999,-8388608,582636
1764115902.6265922,-8388608,19251,-8388608,71434,-8388608,-102194,-8388608,584222
1764115902.6267009,-8388608,20297,-8388608,71138,-8388608,-101406,-8388608,585759
1764115902.6268086,-8388608,19706,-8388608,70271,-8388608,-101065,-8388608,587596
1764115902.626924,-8388608,19699,-8388608,70791,-8388608,-101084,-8388608,588909
1764115902.6270337,-8388608,18576,-8388608,70564,-8388608,-101849,-8388608,590648
1764115902.6271424,-8388608,17964,-8388608,70531,-8388608,-102169,-8388608,592512
1764115902.6272507,-8388608,18924,-8388608,71253,-8388608,-101968,-8388608,594556
1764115902.6273587,-8388608,19711,-8388608,71488,-8388608,-101001,-8388608,595119
1764115902.627467,-8388608,19401,-8388608,71152,-8388608,-100901,-8388608,596263
1764115902.6275747,-8388608,17982,-8388608,70576,-8388608,-100852,-8388608,598211
1764115902.6276836,-8388608,17376,-8388608,70712,-8388608,-100903,-8388608,599672
1764115902.6277924,-8388608,18515,-8388608,71531,-8388608,-101464,-8388608,601496
1764115902.6279008,-8388608,19790,-8388608,71744,-8388608,-101189,-8388608,603314
1764115902.6280088,-8388608,19337,-8388608,71648,-8388608,-100521,-8388608,605351
1764115902.6281178,-8388608,17671,-8388608,71399,-8388608,-100759,-8388608,607141
1764115902.6868894,-8388608,17636,-8388608,71636,-8388608,-101873,-8388608,608283
1764115902.6869972,-8388608,18570,-8388608,71488,-8388608,-101583,-8388608,610029
1764115902.6871052,-8388608,19572,-8388608,71683,-8388608,-100443,-8388608,612179
1764115902.6872127,-8388608,19877,-8388608,72246,-8388608,-100294,-8388608,614356
1764115902.6873221,-8388608,19213,-8388608,72066,-8388608,-101125,-8388608,616254
1764115902.6874297,-8388608,18915,-8388608,71715,-8388608,-102557,-8388608,617897
1764115902.687537,-8388608,18678,-8388608,71153,-8388608,-101461,-8388608,619379
1764115902.6876445,-8388608,19011,-8388608,71080,-8388608,-100049,-8388608,620647
1764115902.6877522,-8388608,19300,-8388608,71436,-8388608,-100037,-8388608,622523
1764115902.6878603,-8388608,18776,-8388608,71688,-8388608,-101659,-8388608,624205
1764115902.6879675,-8388608,18301,-8388608,71673,-8388608,-101884,-8388608,624878
1764115902.6880753,-8388608,18618,-8388608,71448,-8388608,-100377,-8388608,625767
1764115902.688183,-8388608,19261,-8388608,71939,-8388608,-99122,-8388608,627346
1764115902.6882908,-8388608,19324,-8388608,72634,-8388608,-99538,-8388608,628476
1764115902.6883986,-8388608,18749,-8388608,73538,-8388608,-101436,-8388608,629329
1764115902.7189627,-8388608,17949,-8388608,74384,-8388608,-102394,-8388608,631008
1764115902.7190711,-8388608,20062,-8388608,75631,-8388608,-103658,-8388608,632364
1764115902.7191792,-8388608,22548,-8388608,74515,-8388608,-101942,-8388608,632883
1764115902.7192874,-8388608,19124,-8388608,70111,-8388608,-96047,-8388608,635354
1764115902.773609,-8388608,16992,-8388608,67921,-8388608,-94852,-8388608,636474
1764115902.7737174,-8388608,18492,-8388608,70451,-8388608,-99032,-8388608,638332
1764115902.773825,-8388608,19483,-8388608,71090,-8388608,-98651,-8388608,640610
1764115902.7739322,-8388608,20823,-8388608,71675,-8388608,-98064,-8388608,642407
1764115902.7740395,-8388608,21102,-8388608,72241,-8388608,-99616,-8388608,643847
1764115902.7741477,-8388608,19861,-8388608,71895,-8388608,-100314,-8388608,644297
1764115902.7742562,-8388608,19586,-8388608,71786,-8388608,-100867,-8388608,644882
1764115902.7743678,-8388608,21043,-8388608,72319,-8388608,-100365,-8388608,646843
1764115902.774476,-8388608,23667,-8388608,72589,-8388608,-100166,-8388608,647824
1764115902.774583,-8388608,21966,-8388608,72181,-8388608,-99554,-8388608,649285
1764115902.7746902,-8388608,18626,-8388608,72257,-8388608,-100711,-8388608,651628
1764115902.7747977,-8388608,19686,-8388608,72975,-8388608,-104364,-8388608,652846
1764115902.7749057,-8388608,19344,-8388608,71698,-8388608,-101442,-8388608,654818
1764115902.7750132,-8388608,18945,-8388608,70023,-8388608,-97259,-8388608,655944
1764115902.7751207,-8388608,18965,-8388608,70229,-8388608,-98421,-8388608,656952
1764115902.833247,-8388608,17977,-8388608,70133,-8388608,-99540,-8388608,657430
1764115902.8333554,-8388608,17216,-8388608,69999,-8388608,-99550,-8388608,658918
1764115902.833463,-8388608,18220,-8388608,70266,-8388608,-99901,-8388608,660523
1764115902.83357,-8388608,19538,-8388608,69979,-8388608,-99907,-8388608,662236
1764115902.833677,-8388608,18821,-8388608,70163,-8388608,-100045,-8388608,663866
1764115902.8337846,-8388608,17599,-8388608,71084,-8388608,-102433,-8388608,664787
1764115902.8338933,-8388608,17619,-8388608,70264,-8388608,-102594,-8388608,666346
1764115902.8340013,-8388608,16213,-8388608,68437,-8388608,-96961,-8388608,668626
1764115902.8341088,-8388608,18959,-8388608,70115,-8388608,-98094,-8388608,670038
1764115902.834216,-8388608,19736,-8388608,70573,-8388608,-100479,-8388608,670341
1764115902.834324,-8388608,18130,-8388608,70201,-8388608,-101489,-8388608,670802
1764115902.8344352,-8388608,19675,-8388608,71095,-8388608,-105009,-8388608,672805
1764115902.8345428,-8388608,21441,-8388608,70399,-8388608,-102919,-8388608,674574
1764115902.8346512,-8388608,19566,-8388608,68431,-8388608,-98191,-8388608,676115
1764115902.8347583,-8388608,16683,-8388608,69154,-8388608,-99962,-8388608,676354
1764115902.893523,-8388608,16666,-8388608,69719,-8388608,-101145,-8388608,677055
1764115902.893631,-8388608,16481,-8388608,69653,-8388608,-101282,-8388608,679045
1764115902.8937387,-8388608,17050,-8388608,70455,-8388608,-100576,-8388608,681029
1764115902.8938458,-8388608,18398,-8388608,71311,-8388608,-100734,-8388608,682513
1764115902.893953,-8388608,19069,-8388608,71041,-8388608,-100926,-8388608,683419
1764115902.8940604,-8388608,17776,-8388608,70153,-8388608,-100165,-8388608,684551
1764115902.894167,-8388608,16970,-8388608,69778,-8388608,-99349,-8388608,685089
1764115902.8944721,-8388608,17715,-8388608,69933,-8388608,-99227,-8388608,685495
1764115902.8945837,-8388608,19197,-8388608,71063,-8388608,-100719,-8388608,686877
1764115902.8946912,-8388608,19034,-8388608,71798,-8388608,-101102,-8388608,688528
1764115902.8947985,-8388608,17244,-8388608,73122,-8388608,-103261,-8388608,690139
1764115902.894906,-8388608,17928,-8388608,75368,-8388608,-106296,-8388608,691004
1764115902.8950143,-8388608,22929,-8388608,74699,-8388608,-105372,-8388608,692595
1764115902.8951223,-8388608,20318,-8388608,69816,-8388608,-97961,-8388608,693444
1764115902.8952303,-8388608,17773,-8388608,67498,-8388608,-97774,-8388608,694520
1764115902.9538136,-8388608,17134,-8388608,67744,-8388608,-97974,-8388608,695895
1764115902.9539216,-8388608,17263,-8388608,68894,-8388608,-100223,-8388608,696463
1764115902.9540296,-8388608,18316,-8388608,70353,-8388608,-101437,-8388608,698163
1764115902.954137,-8388608,21094,-8388608,72164,-8388608,-102564,-8388608,700029
1764115902.9542453,-8388608,22025,-8388608,71073,-8388608,-100744,-8388608,701488
1764115902.9543529,-8388608,19907,-8388608,70015,-8388608,-100271,-8388608,702148
1764115902.9544601,-8388608,17006,-8388608,69743,-8388608,-100816,-8388608,703131
1764115902.9545677,-8388608,19000,-8388608,71424,-8388608,-101539,-8388608,704828
1764115902.9546754,-8388608,20498,-8388608,72436,-8388608,-101143,-8388608,705763
1764115902.9547873,-8388608,20392,-8388608,72358,-8388608,-100499,-8388608,706398
1764115902.9548953,-8388608,19356,-8388608,72927,-8388608,-101264,-8388608,708216
1764115902.9550035,-8388608,19178,-8388608,74832,-8388608,-104542,-8388608,709433
1764115902.955112,-8388608,19356,-8388608,73141,-8388608,-102345,-8388608,709649
1764115902.9552195,-8388608,19856,-8388608,70074,-8388608,-97244,-8388608,710494
1764115902.9553277,-8388608,20023,-8388608,70280,-8388608,-97084,-8388608,710679
1764115903.014116,-8388608,19556,-8388608,70919,-8388608,-99476,-8388608,712341
1764115903.014225,-8388608,20155,-8388608,71876,-8388608,-101633,-8388608,713415
1764115903.0143325,-8388608,20210,-8388608,71725,-8388608,-100988,-8388608,713988
1764115903.0144405,-8388608,20420,-8388608,71644,-8388608,-99488,-8388608,713951
1764115903.0145478,-8388608,20058,-8388608,71098,-8388608,-98336,-8388608,714904
1764115903.0146549,-8388608,19291,-8388608,71260,-8388608,-100721,-8388608,716822
1764115903.014762,-8388608,18726,-8388608,71077,-8388608,-101724,-8388608,718594
1764115903.0148692,-8388608,19471,-8388608,71488,-8388608,-100675,-8388608,719901
1764115903.0149763,-8388608,20146,-8388608,71623,-8388608,-98643,-8388608,720224
1764115903.0150838,-8388608,18688,-8388608,70160,-8388608,-96874,-8388608,721078
1764115903.0151906,-8388608,19949,-8388608,72429,-8388608,-103702,-8388608,721704
1764115903.0152981,-8388608,18783,-8388608,74465,-8388608,-103242,-8388608,722771
1764115903.015406,-8388608,20453,-8388608,75501,-8388608,-103274,-8388608,724816
1764115903.0155141,-8388608,23054,-8388608,73413,-8388608,-103036,-8388608,725984
1764115903.0156217,-8388608,22247,-8388608,71948,-8388608,-100987,-8388608,726894
1764115903.0749726,-8388608,18189,-8388608,70516,-8388608,-101084,-8388608,727697
1764115903.0750809,-8388608,17783,-8388608,70412,-8388608,-101631,-8388608,728851
1764115903.0751882,-8388608,18486,-8388608,70939,-8388608,-100872,-8388608,729271
1764115903.0752954,-8388608,19346,-8388608,71335,-8388608,-99553,-8388608,730247
1764115903.075403,-8388608,19378,-8388608,70917,-8388608,-99342,-8388608,731695
1764115903.0755103,-8388608,17728,-8388608,70364,-8388608,-99724,-8388608,732344
1764115903.0756173,-8388608,16766,-8388608,70364,-8388608,-99955,-8388608,733466
1764115903.0757284,-8388608,18454,-8388608,72011,-8388608,-101456,-8388608,735146
1764115903.0758362,-8388608,20220,-8388608,72852,-8388608,-101276,-8388608,735694
1764115903.075943,-8388608,19857,-8388608,72859,-8388608,-100443,-8388608,736471
1764115903.0760498,-8388608,18502,-8388608,72798,-8388608,-101256,-8388608,737375
1764115903.0761578,-8388608,19033,-8388608,73797,-8388608,-103364,-8388608,737799
1764115903.0762653,-8388608,19703,-8388608,73164,-8388608,-101043,-8388608,739350
1764115903.0763726,-8388608,20741,-8388608,73127,-8388608,-99635,-8388608,741406
1764115903.0764809,-8388608,19873,-8388608,72677,-8388608,-99831,-8388608,742103
1764115903.1334865,-8388608,18343,-8388608,71801,-8388608,-99743,-8388608,742701
1764115903.1335945,-8388608,18578,-8388608,72227,-8388608,-101845,-8388608,743626
1764115903.133702,-8388608,19291,-8388608,73383,-8388608,-101960,-8388608,744334
1764115903.133809,-8388608,20803,-8388608,74554,-8388608,-101207,-8388608,745018
1764115903.133917,-8388608,22343,-8388608,74699,-8388608,-101514,-8388608,745878
1764115903.1340244,-8388608,21004,-8388608,73861,-8388608,-101141,-8388608,747144
1764115903.1341317,-8388608,16584,-8388608,71948,-8388608,-99456,-8388608,747418
1764115903.1342385,-8388608,19484,-8388608,71999,-8388608,-99731,-8388608,748642
1764115903.1343453,-8388608,22200,-8388608,73108,-8388608,-100165,-8388608,749725
1764115903.1344523,-8388608,19731,-8388608,72767,-8388608,-99852,-8388608,750724
1764115903.134559,-8388608,18743,-8388608,72601,-8388608,-100305,-8388608,751464
1764115903.134666,-8388608,18839,-8388608,72798,-8388608,-101487,-8388608,751589
1764115903.1347735,-8388608,19909,-8388608,73467,-8388608,-101513,-8388608,752876
1764115903.1348815,-8388608,21267,-8388608,73854,-8388608,-100471,-8388608,753994
1764115903.1349897,-8388608,21258,-8388608,73524,-8388608,-99988,-8388608,755135
1764115903.1940622,-8388608,18883,-8388608,71649,-8388608,-98149,-8388608,755759
1764115903.19417,-8388608,17754,-8388608,70820,-8388608,-96401,-8388608,756792
1764115903.1942782,-8388608,20117,-8388608,73433,-8388608,-98872,-8388608,758191
1764115903.1943903,-8388608,22508,-8388608,75386,-8388608,-102070,-8388608,759361
1764115903.1944988,-8388608,22732,-8388608,76439,-8388608,-102908,-8388608,758461
1764115903.1946092,-8388608,21416,-8388608,75803,-8388608,-103367,-8388608,758652
1764115903.194717,-8388608,21292,-8388608,74869,-8388608,-104204,-8388608,760227
1764115903.1948242,-8388608,22460,-8388608,74015,-8388608,-102501,-8388608,762466
1764115903.1949315,-8388608,21019,-8388608,72664,-8388608,-97619,-8388608,763347
1764115903.195039,-8388608,21312,-8388608,72799,-8388608,-98851,-8388608,763537
1764115903.1951458,-8388608,20501,-8388608,72638,-8388608,-100047,-8388608,764623
1764115903.1952536,-8388608,19972,-8388608,72914,-8388608,-101457,-8388608,765640
1764115903.1953607,-8388608,20599,-8388608,72951,-8388608,-101423,-8388608,766631
1764115903.1954684,-8388608,21653,-8388608,72745,-8388608,-100242,-8388608,767061
1764115903.1955767,-8388608,21624,-8388608,73319,-8388608,-100359,-8388608,767392
1764115903.254365,-8388608,20681,-8388608,72786,-8388608,-101348,-8388608,768931
1764115903.2544725,-8388608,20141,-8388608,72474,-8388608,-101966,-8388608,770023
1764115903.25458,-8388608,20781,-8388608,73148,-8388608,-102025,-8388608,770224
1764115903.2546873,-8388608,21703,-8388608,72995,-8388608,-100283,-8388608,771382
1764115903.2547953,-8388608,20453,-8388608,71434,-8388608,-98065,-8388608,773596
1764115903.2549026,-8388608,19316,-8388608,70974,-8388608,-97622,-8388608,774118
1764115903.25501,-8388608,20293,-8388608,72432,-8388608,-102499,-8388608,775031
1764115903.2551167,-8388608,21193,-8388608,72948,-8388608,-103482,-8388608,775707
1764115903.255224,-8388608,22176,-8388608,73615,-8388608,-102943,-8388608,776116
1764115903.2553315,-8388608,22906,-8388608,74361,-8388608,-103962,-8388608,776829
1764115903.2554398,-8388608,22409,-8388608,73118,-8388608,-104181,-8388608,778303
1764115903.255548,-8388608,20168,-8388608,72139,-8388608,-103071,-8388608,779781
1764115903.2556572,-8388608,20681,-8388608,72105,-8388608,-101846,-8388608,780904
1764115903.2557662,-8388608,22206,-8388608,72155,-8388608,-100245,-8388608,782001
1764115903.255875,-8388608,21473,-8388608,72899,-8388608,-100766,-8388608,781833
1764115903.314067,-8388608,19990,-8388608,74003,-8388608,-102835,-8388608,782939
1764115903.3141758,-8388608,20279,-8388608,73662,-8388608,-104531,-8388608,783458
1764115903.3142834,-8388608,21886,-8388608,72655,-8388608,-103731,-8388608,783889
1764115903.3143916,-8388608,23348,-8388608,73005,-8388608,-101005,-8388608,785391
1764115903.3145015,-8388608,24135,-8388608,73220,-8388608,-100370,-8388608,785997
1764115903.3146105,-8388608,20888,-8388608,72320,-8388608,-101264,-8388608,786666
1764115903.3147187,-8388608,18983,-8388608,72261,-8388608,-102376,-8388608,787104
1764115903.314827,-8388608,19929,-8388608,72438,-8388608,-101459,-8388608,787251
1764115903.314935,-8388608,21644,-8388608,73514,-8388608,-101229,-8388608,789182
1764115903.315043,-8388608,21749,-8388608,73436,-8388608,-100727,-8388608,790656
1764115903.3151522,-8388608,20391,-8388608,72656,-8388608,-101043,-8388608,790638
1764115903.3152606,-8388608,19783,-8388608,72874,-8388608,-102349,-8388608,791744
1764115903.3153691,-8388608,20801,-8388608,73615,-8388608,-102727,-8388608,793419
1764115903.3154783,-8388608,22260,-8388608,74276,-8388608,-102568,-8388608,794657
1764115903.3155863,-8388608,21732,-8388608,74184,-8388608,-101586,-8388608,794223
1764115903.3734481,-8388608,20516,-8388608,73709,-8388608,-102024,-8388608,794621
1764115903.3735564,-8388608,20097,-8388608,73735,-8388608,-103405,-8388608,795433
1764115903.373665,-8388608,20798,-8388608,73878,-8388608,-102741,-8388608,795668
1764115903.3737733,-8388608,22196,-8388608,74842,-8388608,-102169,-8388608,796753
1764115903.3738813,-8388608,22482,-8388608,76089,-8388608,-102729,-8388608,797657
1764115903.3739896,-8388608,21233,-8388608,75636,-8388608,-102318,-8388608,798443
1764115903.3740978,-8388608,22321,-8388608,74911,-8388608,-103659,-8388608,799212
1764115903.3742056,-8388608,22189,-8388608,74963,-8388608,-102237,-8388608,799287
1764115903.374314,-8388608,21721,-8388608,74731,-8388608,-100684,-8388608,799539
1764115903.3744218,-8388608,20945,-8388608,73047,-8388608,-99306,-8388608,799889
1764115903.37453,-8388608,20513,-8388608,72469,-8388608,-101176,-8388608,800494
1764115903.3746386,-8388608,19528,-8388608,72449,-8388608,-101199,-8388608,801981
1764115903.3747468,-8388608,20379,-8388608,73062,-8388608,-100965,-8388608,803372
1764115903.3748558,-8388608,21483,-8388608,72919,-8388608,-99639,-8388608,803029
1764115903.3749647,-8388608,22771,-8388608,73783,-8388608,-100177,-8388608,803712
1764115903.4335515,-8388608,22066,-8388608,73678,-8388608,-101024,-8388608,804886
1764115903.4336603,-8388608,20838,-8388608,73773,-8388608,-101911,-8388608,806396
1764115903.4337716,-8388608,21511,-8388608,73658,-8388608,-101767,-8388608,805965
1764115903.4338794,-8388608,22472,-8388608,73909,-8388608,-101012,-8388608,806523
1764115903.433987,-8388608,22583,-8388608,73423,-8388608,-100333,-8388608,808202
1764115903.4340937,-8388608,21324,-8388608,72925,-8388608,-100606,-8388608,809019
1764115903.4342012,-8388608,21096,-8388608,73489,-8388608,-102742,-8388608,809685
1764115903.4343088,-8388608,21128,-8388608,73813,-8388608,-101834,-8388608,810369
1764115903.434416,-8388608,21608,-8388608,74178,-8388608,-99237,-8388608,810384
1764115903.4345238,-8388608,22971,-8388608,74783,-8388608,-98695,-8388608,809349
1764115903.4346316,-8388608,23156,-8388608,74994,-8388608,-100484,-8388608,809571
1764115903.4347405,-8388608,20499,-8388608,74264,-8388608,-101144,-8388608,810508
1764115903.4348488,-8388608,18999,-8388608,72935,-8388608,-98275,-8388608,811798
1764115903.4349573,-8388608,21682,-8388608,74917,-8388608,-100020,-8388608,812022
1764115903.4350655,-8388608,21873,-8388608,76092,-8388608,-102222,-8388608,812974
1764115903.4935546,-8388608,19580,-8388608,73388,-8388608,-99842,-8388608,814522
1764115903.4936635,-8388608,18147,-8388608,72279,-8388608,-99345,-8388608,814638
1764115903.4937713,-8388608,20134,-8388608,74218,-8388608,-101269,-8388608,816382
1764115903.4938788,-8388608,21743,-8388608,74897,-8388608,-100618,-8388608,817175
1764115903.4939866,-8388608,21867,-8388608,74338,-8388608,-99652,-8388608,816498
1764115903.4940948,-8388608,20276,-8388608,73426,-8388608,-99684,-8388608,816593
1764115903.4942033,-8388608,19305,-8388608,73309,-8388608,-100343,-8388608,818538
1764115903.4943113,-8388608,20545,-8388608,73726,-8388608,-100345,-8388608,818968
1764115903.494419,-8388608,21868,-8388608,74086,-8388608,-99139,-8388608,819386
1764115903.4945266,-8388608,21356,-8388608,73713,-8388608,-98032,-8388608,820843
1764115903.494635,-8388608,19926,-8388608,72858,-8388608,-97989,-8388608,822225
1764115903.4947433,-8388608,21154,-8388608,74667,-8388608,-101958,-8388608,823093
1764115903.494852,-8388608,21047,-8388608,74330,-8388608,-99419,-8388608,824449
1764115903.4949605,-8388608,21478,-8388608,74086,-8388608,-97992,-8388608,825937
1764115903.4950688,-8388608,22550,-8388608,74651,-8388608,-100519,-8388608,825710
1764115903.55385,-8388608,21023,-8388608,73459,-8388608,-100379,-8388608,825922
1764115903.553959,-8388608,20218,-8388608,72794,-8388608,-99812,-8388608,827345
1764115903.5540676,-8388608,21625,-8388608,74009,-8388608,-100580,-8388608,828183
1764115903.5541763,-8388608,22799,-8388608,76139,-8388608,-100642,-8388608,829040
1764115903.5542846,-8388608,23854,-8388608,77383,-8388608,-101580,-8388608,828374
1764115903.5543928,-8388608,21864,-8388608,75706,-8388608,-102102,-8388608,827915
1764115903.5545008,-8388608,21336,-8388608,72597,-8388608,-101031,-8388608,829210
1764115903.5546093,-8388608,22019,-8388608,73173,-8388608,-100720,-8388608,829331
1764115903.5547183,-8388608,24152,-8388608,74066,-8388608,-101876,-8388608,829193
1764115903.554827,-8388608,22915,-8388608,73441,-8388608,-99751,-8388608,829528
1764115903.554935,-8388608,21732,-8388608,72006,-8388608,-98291,-8388608,830383
1764115903.5550432,-8388608,21696,-8388608,71831,-8388608,-100016,-8388608,830183
1764115903.5551524,-8388608,22563,-8388608,72417,-8388608,-100039,-8388608,831753
1764115903.5552626,-8388608,23929,-8388608,73306,-8388608,-99569,-8388608,833319
1764115903.555375,-8388608,23739,-8388608,73408,-8388608,-99424,-8388608,833323
1764115903.615157,-8388608,22754,-8388608,73219,-8388608,-99214,-8388608,833170
1764115903.6152644,-8388608,22078,-8388608,73408,-8388608,-99178,-8388608,833163
1764115903.615373,-8388608,22861,-8388608,74420,-8388608,-100596,-8388608,833094
1764115903.615481,-8388608,24352,-8388608,75086,-8388608,-102697,-8388608,833567
1764115903.6155894,-8388608,24278,-8388608,74261,-8388608,-101681,-8388608,834348
1764115903.615697,-8388608,22901,-8388608,73980,-8388608,-101594,-8388608,834304
1764115903.615805,-8388608,23245,-8388608,74115,-8388608,-101846,-8388608,835602
1764115903.6159153,-8388608,24511,-8388608,74021,-8388608,-101964,-8388608,836362
1764115903.616024,-8388608,22894,-8388608,74043,-8388608,-101847,-8388608,836718
1764115903.616132,-8388608,22665,-8388608,74187,-8388608,-101087,-8388608,836651
1764115903.6162398,-8388608,21711,-8388608,73766,-8388608,-101411,-8388608,836861
1764115903.6163485,-8388608,20558,-8388608,73514,-8388608,-101866,-8388608,836580
1764115903.6164572,-8388608,22264,-8388608,74522,-8388608,-102663,-8388608,837055
1764115903.6165688,-8388608,23294,-8388608,76067,-8388608,-101876,-8388608,838306
1764115903.6166773,-8388608,22306,-8388608,74940,-8388608,-100044,-8388608,839500
1764115903.6743731,-8388608,21042,-8388608,72736,-8388608,-100145,-8388608,839311
1764115903.6744838,-8388608,20404,-8388608,72691,-8388608,-100978,-8388608,840659
1764115903.6745918,-8388608,20729,-8388608,73184,-8388608,-100338,-8388608,841266
1764115903.6746998,-8388608,22069,-8388608,74286,-8388608,-100187,-8388608,841601
1764115903.674809,-8388608,22971,-8388608,74856,-8388608,-100835,-8388608,842210
1764115903.6749172,-8388608,21936,-8388608,74379,-8388608,-101347,-8388608,841533
1764115903.6750255,-8388608,20067,-8388608,73639,-8388608,-101151,-8388608,841738
1764115903.675133,-8388608,20339,-8388608,73438,-8388608,-100429,-8388608,842846
1764115903.675241,-8388608,21539,-8388608,74374,-8388608,-99991,-8388608,843076
1764115903.6753485,-8388608,22313,-8388608,75584,-8388608,-101187,-8388608,843747
1764115903.6754558,-8388608,21761,-8388608,75428,-8388608,-102640,-8388608,843674
1764115903.6755636,-8388608,20491,-8388608,73741,-8388608,-101986,-8388608,843946
1764115903.6756713,-8388608,20337,-8388608,73788,-8388608,-100411,-8388608,844957
1764115903.675779,-8388608,22369,-8388608,74919,-8388608,-100211,-8388608,845394
1764115903.6758866,-8388608,21302,-8388608,74055,-8388608,-99599,-8388608,845380
1764115903.726471,-8388608,19350,-8388608,72612,-8388608,-98737,-8388608,845286
1764115903.7265797,-8388608,19013,-8388608,72603,-8388608,-100060,-8388608,845861
1764115903.726687,-8388608,20788,-8388608,74361,-8388608,-102063,-8388608,846921
1764115903.7267945,-8388608,22132,-8388608,74964,-8388608,-101082,-8388608,846839
1764115903.7269018,-8388608,22047,-8388608,74594,-8388608,-99830,-8388608,847403
1764115903.7270088,-8388608,20808,-8388608,73977,-8388608,-99804,-8388608,848187
1764115903.727116,-8388608,19818,-8388608,73641,-8388608,-100312,-8388608,848313
1764115903.7272236,-8388608,20234,-8388608,73866,-8388608,-99094,-8388608,849357
1764115903.7273316,-8388608,23089,-8388608,75932,-8388608,-100634,-8388608,850021
1764115903.7274396,-8388608,22503,-8388608,75193,-8388608,-99976,-8388608,850399
1764115903.7809505,-8388608,21258,-8388608,74479,-8388608,-99923,-8388608,850358
1764115903.7810593,-8388608,21166,-8388608,74747,-8388608,-102278,-8388608,851273
1764115903.7811701,-8388608,21641,-8388608,75436,-8388608,-102037,-8388608,851449
1764115903.7812774,-8388608,23110,-8388608,76501,-8388608,-101559,-8388608,851376
1764115903.7813857,-8388608,23622,-8388608,76869,-8388608,-101616,-8388608,851868
1764115903.7814934,-8388608,22517,-8388608,75399,-8388608,-101429,-8388608,852257
1764115903.7816005,-8388608,20648,-8388608,73678,-8388608,-100203,-8388608,853026
1764115903.781708,-8388608,20167,-8388608,74239,-8388608,-99935,-8388608,852244
1764115903.7818153,-8388608,20826,-8388608,74007,-8388608,-98045,-8388608,853426
1764115903.7819228,-8388608,22703,-8388608,75183,-8388608,-99534,-8388608,854156
1764115903.7820299,-8388608,23176,-8388608,74944,-8388608,-101713,-8388608,853381
1764115903.7821372,-8388608,21794,-8388608,73163,-8388608,-101130,-8388608,854397
1764115903.7822456,-8388608,21322,-8388608,73532,-8388608,-101039,-8388608,855192
1764115903.7823539,-8388608,22829,-8388608,74966,-8388608,-101101,-8388608,854551
1764115903.7824616,-8388608,23495,-8388608,75040,-8388608,-100939,-8388608,855749
1764115903.7825696,-8388608,22540,-8388608,74296,-8388608,-101517,-8388608,856290
1764115903.8409145,-8388608,20971,-8388608,73405,-8388608,-101485,-8388608,857183
1764115903.8410218,-8388608,20688,-8388608,73133,-8388608,-100521,-8388608,857789
1764115903.8411293,-8388608,21816,-8388608,73170,-8388608,-99232,-8388608,858104
1764115903.841237,-8388608,23190,-8388608,74415,-8388608,-101279,-8388608,857938
1764115903.8413444,-8388608,22434,-8388608,74540,-8388608,-103112,-8388608,859061
1764115903.8414512,-8388608,21883,-8388608,74347,-8388608,-104138,-8388608,860134
1764115903.8415585,-8388608,22334,-8388608,74299,-8388608,-102395,-8388608,860594
1764115903.8416662,-8388608,22746,-8388608,73948,-8388608,-100097,-8388608,860360
1764115903.8417737,-8388608,22633,-8388608,73509,-8388608,-98985,-8388608,860506
1764115903.8418813,-8388608,22680,-8388608,74858,-8388608,-101234,-8388608,860756
1764115903.8419883,-8388608,22161,-8388608,74601,-8388608,-101261,-8388608,860531
1764115903.8420963,-8388608,22246,-8388608,74029,-8388608,-100882,-8388608,861953
1764115903.8422039,-8388608,23032,-8388608,74151,-8388608,-101321,-8388608,863850
1764115903.8423114,-8388608,23549,-8388608,74984,-8388608,-101604,-8388608,864057
1764115903.8424227,-8388608,22498,-8388608,74454,-8388608,-101854,-8388608,863291
1764115903.9012818,-8388608,21621,-8388608,73921,-8388608,-101997,-8388608,862689
1764115903.9013898,-8388608,23496,-8388608,75379,-8388608,-102837,-8388608,864049
1764115903.9014971,-8388608,26187,-8388608,76745,-8388608,-103091,-8388608,865373
1764115903.9016051,-8388608,26044,-8388608,75640,-8388608,-101589,-8388608,865869
1764115903.9017131,-8388608,22295,-8388608,73807,-8388608,-100524,-8388608,865575
1764115903.9018207,-8388608,21027,-8388608,73527,-8388608,-101335,-8388608,865246
1764115903.901928,-8388608,21898,-8388608,74047,-8388608,-101127,-8388608,865481
1764115903.9020352,-8388608,22975,-8388608,75364,-8388608,-99921,-8388608,867174
1764115903.9021428,-8388608,23063,-8388608,75103,-8388608,-99456,-8388608,867470
1764115903.90225,-8388608,22539,-8388608,74814,-8388608,-101118,-8388608,868005
1764115903.9023578,-8388608,22357,-8388608,74402,-8388608,-101096,-8388608,869214
1764115903.9024656,-8388608,23313,-8388608,74956,-8388608,-101021,-8388608,869709
1764115903.902573,-8388608,24336,-8388608,75354,-8388608,-101166,-8388608,869714
1764115903.9026804,-8388608,24568,-8388608,75082,-8388608,-101399,-8388608,869539
1764115903.9027889,-8388608,22977,-8388608,74124,-8388608,-100279,-8388608,869424
1764115903.9233918,-8388608,23077,-8388608,75014,-8388608,-102266,-8388608,870046
1764115903.9235005,-8388608,23684,-8388608,75569,-8388608,-102204,-8388608,870389
1764115903.9236083,-8388608,24468,-8388608,75838,-8388608,-101637,-8388608,871131
1764115904.0018857,-8388608,23810,-8388608,74892,-8388608,-100659,-8388608,870888
1764115904.0019941,-8388608,23433,-8388608,75001,-8388608,-101036,-8388608,871104
1764115904.0021014,-8388608,22892,-8388608,75097,-8388608,-100307,-8388608,871791
1764115904.0022087,-8388608,23996,-8388608,76206,-8388608,-101432,-8388608,872703
1764115904.002316,-8388608,25189,-8388608,76755,-8388608,-101379,-8388608,873565
1764115904.0024235,-8388608,23554,-8388608,75186,-8388608,-99122,-8388608,873700
1764115904.0025313,-8388608,22219,-8388608,74394,-8388608,-99096,-8388608,873340
1764115904.0026383,-8388608,23499,-8388608,75896,-8388608,-102236,-8388608,873112
1764115904.0027454,-8388608,25806,-8388608,77727,-8388608,-104804,-8388608,873931
1764115904.0028558,-8388608,26101,-8388608,77860,-8388608,-102510,-8388608,874489
1764115904.0029638,-8388608,24773,-8388608,77182,-8388608,-101117,-8388608,873831
1764115904.0030851,-8388608,23608,-8388608,76541,-8388608,-101267,-8388608,873894
1764115904.0031934,-8388608,22636,-8388608,75192,-8388608,-100561,-8388608,875526
1764115904.003301,-8388608,23786,-8388608,75782,-8388608,-100099,-8388608,877029
1764115904.0034084,-8388608,24201,-8388608,75852,-8388608,-99822,-8388608,877775
1764115904.0607758,-8388608,22866,-8388608,74973,-8388608,-99639,-8388608,877628
1764115904.0608852,-8388608,22178,-8388608,74764,-8388608,-100736,-8388608,877771
1764115904.0609927,-8388608,22861,-8388608,75265,-8388608,-101146,-8388608,878317
1764115904.0611002,-8388608,23381,-8388608,75300,-8388608,-98855,-8388608,879310
1764115904.061208,-8388608,22438,-8388608,75134,-8388608,-96083,-8388608,880099
1764115904.0613153,-8388608,22728,-8388608,78144,-8388608,-98061,-8388608,879853
1764115904.0614228,-8388608,24300,-8388608,78823,-8388608,-100983,-8388608,880102
1764115904.0615304,-8388608,24894,-8388608,76790,-8388608,-104360,-8388608,880275
1764115904.0616379,-8388608,24412,-8388608,75559,-8388608,-100817,-8388608,879501
1764115904.0617454,-8388608,23938,-8388608,75088,-8388608,-99198,-8388608,880306
1764115904.0618525,-8388608,23111,-8388608,75504,-8388608,-100238,-8388608,881096
1764115904.061961,-8388608,23239,-8388608,76005,-8388608,-102091,-8388608,881208
1764115904.0620694,-8388608,23603,-8388608,75829,-8388608,-101132,-8388608,881285
1764115904.062177,-8388608,24941,-8388608,76531,-8388608,-100277,-8388608,881131
1764115904.062286,-8388608,25889,-8388608,77414,-8388608,-100244,-8388608,881617
1764115904.121645,-8388608,24563,-8388608,76734,-8388608,-100786,-8388608,881946
1764115904.121762,-8388608,22988,-8388608,75804,-8388608,-101750,-8388608,882576
1764115904.121872,-8388608,23020,-8388608,75563,-8388608,-101769,-8388608,883714
1764115904.121981,-8388608,24434,-8388608,76253,-8388608,-100557,-8388608,884424
1764115904.1220953,-8388608,25249,-8388608,76560,-8388608,-99917,-8388608,884589
1764115904.1222038,-8388608,22951,-8388608,74649,-8388608,-99137,-8388608,883729
1764115904.1223133,-8388608,21265,-8388608,74227,-8388608,-100216,-8388608,883934
1764115904.1224256,-8388608,23284,-8388608,75621,-8388608,-101679,-8388608,884154
1764115904.1225338,-8388608,24144,-8388608,75893,-8388608,-100464,-8388608,885355
1764115904.1226425,-8388608,25774,-8388608,77673,-8388608,-102179,-8388608,886360
1764115904.1227508,-8388608,24862,-8388608,76928,-8388608,-102456,-8388608,886679
1764115904.1228597,-8388608,22829,-8388608,75573,-8388608,-101709,-8388608,886386
1764115904.1229684,-8388608,22981,-8388608,75859,-8388608,-100877,-8388608,885784
1764115904.123077,-8388608,25379,-8388608,77001,-8388608,-102204,-8388608,885973
1764115904.1231852,-8388608,25826,-8388608,77001,-8388608,-101794,-8388608,886758
1764115904.181333,-8388608,24471,-8388608,76491,-8388608,-101551,-8388608,886380
1764115904.181442,-8388608,22951,-8388608,75746,-8388608,-101239,-8388608,885911
1764115904.1815515,-8388608,23688,-8388608,75648,-8388608,-101699,-8388608,886410
1764115904.1816597,-8388608,24853,-8388608,76072,-8388608,-102954,-8388608,887164
1764115904.181768,-8388608,24842,-8388608,75985,-8388608,-101751,-8388608,888069
1764115904.1818757,-8388608,24254,-8388608,76026,-8388608,-102761,-8388608,888879
1764115904.1819832,-8388608,23886,-8388608,75980,-8388608,-103432,-8388608,890248
1764115904.1820915,-8388608,25343,-8388608,76223,-8388608,-103582,-8388608,890795
1764115904.1821997,-8388608,25632,-8388608,76645,-8388608,-102611,-8388608,891329
1764115904.1823072,-8388608,23515,-8388608,74751,-8388608,-98821,-8388608,890480
1764115904.1824145,-8388608,23188,-8388608,75891,-8388608,-100915,-8388608,890942
1764115904.1825228,-8388608,23779,-8388608,77378,-8388608,-103768,-8388608,891723
1764115904.1826317,-8388608,26108,-8388608,77122,-8388608,-104144,-8388608,892667
1764115904.1827402,-8388608,27989,-8388608,77559,-8388608,-102590,-8388608,893656
1764115904.182848,-8388608,24481,-8388608,76610,-8388608,-99628,-8388608,894109
1764115904.24162,-8388608,22457,-8388608,75441,-8388608,-100397,-8388608,894676
1764115904.241728,-8388608,22490,-8388608,75186,-8388608,-101295,-8388608,895201
1764115904.2418365,-8388608,23508,-8388608,76302,-8388608,-102004,-8388608,895740
1764115904.2419443,-8388608,24782,-8388608,77179,-8388608,-101057,-8388608,896327
1764115904.2420516,-8388608,25656,-8388608,77465,-8388608,-101402,-8388608,896370
1764115904.2421632,-8388608,24504,-8388608,76718,-8388608,-101914,-8388608,896046
1764115904.2422726,-8388608,23221,-8388608,75779,-8388608,-102181,-8388608,898639
1764115904.242381,-8388608,24194,-8388608,76193,-8388608,-102510,-8388608,900880
1764115904.2424893,-8388608,25346,-8388608,76844,-8388608,-101993,-8388608,902643
1764115904.2425973,-8388608,25416,-8388608,76343,-8388608,-100900,-8388608,904954
1764115904.242705,-8388608,24011,-8388608,75835,-8388608,-101025,-8388608,905696
1764115904.2428143,-8388608,23318,-8388608,76223,-8388608,-102362,-8388608,907155
1764115904.242923,-8388608,24544,-8388608,76910,-8388608,-102323,-8388608,908797
1764115904.243032,-8388608,25722,-8388608,76591,-8388608,-101166,-8388608,910353
1764115904.2431405,-8388608,25329,-8388608,75981,-8388608,-99292,-8388608,911554
1764115904.3019114,-8388608,23283,-8388608,75771,-8388608,-99324,-8388608,912876
1764115904.3020196,-8388608,23518,-8388608,77153,-8388608,-103941,-8388608,914996
1764115904.3021276,-8388608,24614,-8388608,77308,-8388608,-103976,-8388608,917849
1764115904.3022356,-8388608,25230,-8388608,77731,-8388608,-104473,-8388608,921766
1764115904.3023438,-8388608,25370,-8388608,76516,-8388608,-102791,-8388608,923488
1764115904.3024526,-8388608,24252,-8388608,75521,-8388608,-101196,-8388608,924457
1764115904.3025603,-8388608,23219,-8388608,75449,-8388608,-101773,-8388608,925851
1764115904.3026683,-8388608,23760,-8388608,75676,-8388608,-101846,-8388608,928178
1764115904.3027763,-8388608,24999,-8388608,76352,-8388608,-101224,-8388608,930583
1764115904.3028843,-8388608,25091,-8388608,76624,-8388608,-100799,-8388608,932569
1764115904.302992,-8388608,24631,-8388608,76671,-8388608,-102226,-8388608,932625
1764115904.3031008,-8388608,23339,-8388608,76580,-8388608,-103291,-8388608,934320
1764115904.30321,-8388608,24041,-8388608,75918,-8388608,-102427,-8388608,936224
1764115904.3033202,-8388608,25123,-8388608,76306,-8388608,-101124,-8388608,937503
1764115904.3034291,-8388608,25688,-8388608,77485,-8388608,-101174,-8388608,938833
1764115904.361859,-8388608,25812,-8388608,78358,-8388608,-102597,-8388608,940349
1764115904.3619678,-8388608,26315,-8388608,77897,-8388608,-103515,-8388608,941213
1764115904.3620758,-8388608,24156,-8388608,74836,-8388608,-100154,-8388608,941730
1764115904.3621883,-8388608,22003,-8388608,73903,-8388608,-98278,-8388608,943237
1764115904.362297,-8388608,26054,-8388608,76558,-8388608,-101741,-8388608,943890
1764115904.3624058,-8388608,25421,-8388608,76299,-8388608,-101779,-8388608,944696
1764115904.3625145,-8388608,24114,-8388608,76325,-8388608,-101491,-8388608,945278
1764115904.3626225,-8388608,24078,-8388608,76844,-8388608,-100561,-8388608,945813
1764115904.3627317,-8388608,25909,-8388608,77987,-8388608,-100909,-8388608,946511
1764115904.362841,-8388608,26122,-8388608,77648,-8388608,-102076,-8388608,948396
1764115904.3629491,-8388608,25918,-8388608,77774,-8388608,-103311,-8388608,949230
1764115904.3630576,-8388608,24140,-8388608,76331,-8388608,-102587,-8388608,950424
1764115904.363167,-8388608,23775,-8388608,75085,-8388608,-100854,-8388608,952450
1764115904.3632765,-8388608,25574,-8388608,75471,-8388608,-99884,-8388608,953436
1764115904.3633852,-8388608,26425,-8388608,76807,-8388608,-100510,-8388608,953839
1764115904.4217775,-8388608,24858,-8388608,76083,-8388608,-100238,-8388608,954309
1764115904.421886,-8388608,24023,-8388608,75492,-8388608,-101137,-8388608,954464
1764115904.421994,-8388608,24024,-8388608,75678,-8388608,-100701,-8388608,955747
1764115904.4221025,-8388608,25355,-8388608,76569,-8388608,-100211,-8388608,956708
1764115904.4222112,-8388608,26314,-8388608,77288,-8388608,-100208,-8388608,957910
1764115904.4223194,-8388608,25073,-8388608,76598,-8388608,-100121,-8388608,958016
1764115904.4224286,-8388608,24360,-8388608,76771,-8388608,-102449,-8388608,958760
1764115904.4225414,-8388608,24111,-8388608,78064,-8388608,-101751,-8388608,960288
1764115904.42265,-8388608,23971,-8388608,76726,-8388608,-98556,-8388608,962727
1764115904.4227583,-8388608,26743,-8388608,75699,-8388608,-99974,-8388608,964129
1764115904.422867,-8388608,28337,-8388608,77066,-8388608,-103278,-8388608,965078
1764115904.4229755,-8388608,23065,-8388608,75321,-8388608,-100412,-8388608,963868
1764115904.4230852,-8388608,23834,-8388608,75996,-8388608,-100444,-8388608,964484
1764115904.4231937,-8388608,24944,-8388608,76829,-8388608,-98471,-8388608,965729
1764115904.4233024,-8388608,26090,-8388608,77586,-8388608,-100018,-8388608,966897
1764115904.4456384,-8388608,25349,-8388608,76673,-8388608,-103067,-8388608,967526
1764115904.4457476,-8388608,25236,-8388608,75718,-8388608,-102772,-8388608,967263
1764115904.4458594,-8388608,23639,-8388608,75252,-8388608,-102001,-8388608,967438
1764115904.5001862,-8388608,25277,-8388608,76435,-8388608,-101734,-8388608,969491
1764115904.5002944,-8388608,24841,-8388608,76949,-8388608,-100417,-8388608,970699
1764115904.5004022,-8388608,23845,-8388608,76441,-8388608,-100836,-8388608,972021
1764115904.50051,-8388608,23568,-8388608,74912,-8388608,-101390,-8388608,971495
1764115904.5006175,-8388608,23173,-8388608,74219,-8388608,-101198,-8388608,971958
1764115904.5007336,-8388608,24730,-8388608,74743,-8388608,-100917,-8388608,972904
1764115904.5008433,-8388608,26012,-8388608,75821,-8388608,-100883,-8388608,974501
1764115904.5009513,-8388608,24464,-8388608,75742,-8388608,-100406,-8388608,974864
1764115904.5010593,-8388608,22849,-8388608,75979,-8388608,-101414,-8388608,974835
1764115904.5011673,-8388608,24823,-8388608,77938,-8388608,-104900,-8388608,974481
1764115904.501275,-8388608,24949,-8388608,78564,-8388608,-102424,-8388608,974841
1764115904.5013843,-8388608,24502,-8388608,77686,-8388608,-100564,-8388608,975115
1764115904.5014925,-8388608,24578,-8388608,75818,-8388608,-101877,-8388608,975938
1764115904.5016003,-8388608,24971,-8388608,74401,-8388608,-100922,-8388608,976188
1764115904.501708,-8388608,25911,-8388608,74364,-8388608,-99717,-8388608,978113
1764115904.5597541,-8388608,27036,-8388608,76158,-8388608,-101202,-8388608,978748
1764115904.5598629,-8388608,25947,-8388608,76506,-8388608,-102532,-8388608,978289
1764115904.5599706,-8388608,25430,-8388608,75001,-8388608,-100630,-8388608,978891
1764115904.5600789,-8388608,23944,-8388608,74116,-8388608,-100322,-8388608,980093
1764115904.5601873,-8388608,23558,-8388608,74249,-8388608,-101079,-8388608,979662
1764115904.5602953,-8388608,25326,-8388608,75061,-8388608,-100882,-8388608,980742
1764115904.5604033,-8388608,26937,-8388608,75622,-8388608,-100446,-8388608,981006
1764115904.5605118,-8388608,26069,-8388608,75978,-8388608,-102804,-8388608,981194
1764115904.5606198,-8388608,24238,-8388608,75292,-8388608,-102912,-8388608,981988
1764115904.560735,-8388608,24248,-8388608,74567,-8388608,-101495,-8388608,981492
1764115904.5608428,-8388608,25273,-8388608,75375,-8388608,-100427,-8388608,982816
1764115904.5609508,-8388608,26558,-8388608,76794,-8388608,-101459,-8388608,982993
1764115904.561062,-8388608,26249,-8388608,77347,-8388608,-102806,-8388608,984394
1764115904.5611713,-8388608,25249,-8388608,76947,-8388608,-103449,-8388608,985381
1764115904.5612793,-8388608,25983,-8388608,76505,-8388608,-103694,-8388608,984691
1764115904.620076,-8388608,24568,-8388608,74693,-8388608,-99730,-8388608,985083
1764115904.620185,-8388608,26246,-8388608,75978,-8388608,-100835,-8388608,985527
1764115904.6202927,-8388608,26583,-8388608,76249,-8388608,-101842,-8388608,986306
1764115904.6204002,-8388608,25244,-8388608,76106,-8388608,-101601,-8388608,986583
1764115904.6205082,-8388608,25460,-8388608,75748,-8388608,-101162,-8388608,986764
1764115904.6206157,-8388608,26489,-8388608,76679,-8388608,-100949,-8388608,988374
1764115904.6207302,-8388608,26862,-8388608,75662,-8388608,-98977,-8388608,989165
1764115904.6208398,-8388608,25556,-8388608,74038,-8388608,-97936,-8388608,989100
1764115904.6209476,-8388608,25188,-8388608,74296,-8388608,-100622,-8388608,989428
1764115904.6210546,-8388608,25392,-8388608,75333,-8388608,-101197,-8388608,990298
1764115904.6211622,-8388608,26498,-8388608,76721,-8388608,-100709,-8388608,990513
1764115904.62127,-8388608,28571,-8388608,77135,-8388608,-100852,-8388608,991284
1764115904.621379,-8388608,27011,-8388608,76544,-8388608,-100560,-8388608,992711
1764115904.6214871,-8388608,26973,-8388608,76199,-8388608,-101978,-8388608,992768
1764115904.6215956,-8388608,25916,-8388608,75718,-8388608,-101932,-8388608,992589
1764115904.6803668,-8388608,24144,-8388608,75518,-8388608,-99779,-8388608,992714
1764115904.6804757,-8388608,25842,-8388608,76403,-8388608,-100331,-8388608,993433
1764115904.6805844,-8388608,25121,-8388608,77134,-8388608,-101267,-8388608,993886
1764115904.6806927,-8388608,23683,-8388608,75519,-8388608,-101241,-8388608,994338
1764115904.6808102,-8388608,23794,-8388608,73764,-8388608,-99527,-8388608,995277
1764115904.6809185,-8388608,24811,-8388608,73563,-8388608,-97396,-8388608,996608
1764115904.681026,-8388608,24788,-8388608,73909,-8388608,-95710,-8388608,997693
1764115904.681134,-8388608,22732,-8388608,73500,-8388608,-95806,-8388608,997554
1764115904.6812427,-8388608,24651,-8388608,75674,-8388608,-101989,-8388608,997174
1764115904.6813517,-8388608,25323,-8388608,77078,-8388608,-102252,-8388608,998045
1764115904.6814623,-8388608,25893,-8388608,76223,-8388608,-99738,-8388608,998352
1764115904.6815712,-8388608,26127,-8388608,75516,-8388608,-98781,-8388608,998736
1764115904.6816802,-8388608,25357,-8388608,75026,-8388608,-99163,-8388608,998558
1764115904.6817892,-8388608,25325,-8388608,74900,-8388608,-100644,-8388608,1000409
1764115904.6818976,-8388608,25387,-8388608,75452,-8388608,-100213,-8388608,1000598
1764115904.7420523,-8388608,25901,-8388608,75614,-8388608,-98822,-8388608,1000514
1764115904.7421615,-8388608,26049,-8388608,75856,-8388608,-97887,-8388608,1001521
1764115904.7422698,-8388608,24877,-8388608,75584,-8388608,-97749,-8388608,1002304
1764115904.7423778,-8388608,22824,-8388608,74935,-8388608,-100629,-8388608,1002701
1764115904.7424855,-8388608,24895,-8388608,76414,-8388608,-102962,-8388608,1003709
1764115904.742594,-8388608,26086,-8388608,76066,-8388608,-100854,-8388608,1003668
1764115904.742702,-8388608,25652,-8388608,74783,-8388608,-97682,-8388608,1003763
1764115904.7428098,-8388608,26098,-8388608,75126,-8388608,-100016,-8388608,1003648
1764115904.7429183,-8388608,24813,-8388608,74145,-8388608,-100254,-8388608,1003117
1764115904.7430265,-8388608,24915,-8388608,74615,-8388608,-100223,-8388608,1003995
1764115904.7431343,-8388608,27003,-8388608,75258,-8388608,-100086,-8388608,1004812
1764115904.7432425,-8388608,28741,-8388608,76078,-8388608,-99751,-8388608,1005449
1764115904.743351,-8388608,27774,-8388608,75848,-8388608,-101074,-8388608,1005721
1764115904.7434597,-8388608,23477,-8388608,74360,-8388608,-101094,-8388608,1005829
1764115904.7435684,-8388608,23593,-8388608,74528,-8388608,-100712,-8388608,1006186
1764115904.7994723,-8388608,25765,-8388608,77945,-8388608,-103366,-8388608,1007111
1764115904.7995803,-8388608,27869,-8388608,78627,-8388608,-103016,-8388608,1006975
1764115904.799688,-8388608,25406,-8388608,74178,-8388608,-98076,-8388608,1007011
1764115904.7997968,-8388608,24644,-8388608,72635,-8388608,-99169,-8388608,1007251
1764115904.7999048,-8388608,23650,-8388608,72497,-8388608,-97862,-8388608,1006984
1764115904.8000124,-8388608,24976,-8388608,73832,-8388608,-97707,-8388608,1008009
1764115904.8001196,-8388608,26950,-8388608,75236,-8388608,-99581,-8388608,1010221
1764115904.8002276,-8388608,26759,-8388608,74718,-8388608,-99659,-8388608,1010338
1764115904.8003352,-8388608,25050,-8388608,74217,-8388608,-99795,-8388608,1009713
1764115904.8004465,-8388608,25480,-8388608,74559,-8388608,-100207,-8388608,1008338
1764115904.800554,-8388608,26844,-8388608,75408,-8388608,-99347,-8388608,1008689
1764115904.800662,-8388608,27221,-8388608,75796,-8388608,-99062,-8388608,1008664
1764115904.80078,-8388608,26864,-8388608,75561,-8388608,-100001,-8388608,1009801
1764115904.8008883,-8388608,26271,-8388608,75333,-8388608,-101215,-8388608,1010311
1764115904.800998,-8388608,26307,-8388608,75405,-8388608,-100852,-8388608,1011419
1764115904.8634763,-8388608,26458,-8388608,75048,-8388608,-97711,-8388608,1011571
1764115904.863585,-8388608,25153,-8388608,73286,-8388608,-92821,-8388608,1011520
1764115904.8636928,-8388608,26894,-8388608,75410,-8388608,-98231,-8388608,1013008
1764115904.8638008,-8388608,26981,-8388608,76169,-8388608,-102471,-8388608,1012752
1764115904.863909,-8388608,27193,-8388608,76341,-8388608,-101947,-8388608,1014694
1764115904.864017,-8388608,28501,-8388608,76856,-8388608,-100564,-8388608,1013803
1764115904.8641253,-8388608,27661,-8388608,75695,-8388608,-97015,-8388608,1013747
1764115904.8642325,-8388608,27203,-8388608,75839,-8388608,-99009,-8388608,1013543
1764115904.8643405,-8388608,26974,-8388608,75729,-8388608,-101850,-8388608,1013791
1764115904.8644485,-8388608,27430,-8388608,75926,-8388608,-101746,-8388608,1013594
1764115904.8645566,-8388608,28071,-8388608,75994,-8388608,-99621,-8388608,1014287
1764115904.8646638,-8388608,29005,-8388608,76502,-8388608,-99353,-8388608,1013281
1764115904.864782,-8388608,28271,-8388608,75997,-8388608,-99627,-8388608,1012667
1764115904.8648903,-8388608,27166,-8388608,75401,-8388608,-100357,-8388608,1013827
1764115904.8649988,-8388608,27572,-8388608,75906,-8388608,-100739,-8388608,1015048
1764115904.9214752,-8388608,29241,-8388608,76939,-8388608,-100027,-8388608,1016692
1764115904.921583,-8388608,29703,-8388608,76703,-8388608,-97334,-8388608,1016366
1764115904.9216902,-8388608,25613,-8388608,72693,-8388608,-89775,-8388608,1015408
1764115904.9217973,-8388608,28746,-8388608,76444,-8388608,-99076,-8388608,1015884
1764115904.921905,-8388608,30729,-8388608,78650,-8388608,-103374,-8388608,1015846
1764115904.9220133,-8388608,28372,-8388608,76008,-8388608,-97405,-8388608,1016876
1764115904.9221208,-8388608,28371,-8388608,75944,-8388608,-96090,-8388608,1016007
1764115904.922231,-8388608,29573,-8388608,77715,-8388608,-100147,-8388608,1016135
1764115904.9223385,-8388608,28269,-8388608,77070,-8388608,-101331,-8388608,1015239
1764115904.922446,-8388608,28105,-8388608,77057,-8388608,-100446,-8388608,1015222
1764115904.922554,-8388608,29173,-8388608,77722,-8388608,-98811,-8388608,1015583
1764115904.9226623,-8388608,29798,-8388608,78229,-8388608,-97322,-8388608,1016524
1764115904.9227703,-8388608,28541,-8388608,77631,-8388608,-96582,-8388608,1016695
1764115904.9228783,-8388608,26840,-8388608,76049,-8388608,-98127,-8388608,1016873
1764115904.9229858,-8388608,27835,-8388608,75953,-8388608,-99868,-8388608,1016691
1764115904.9796069,-8388608,29966,-8388608,76681,-8388608,-100402,-8388608,1016656
1764115904.979716,-8388608,30374,-8388608,76774,-8388608,-100004,-8388608,1016924
1764115904.979824,-8388608,27886,-8388608,75375,-8388608,-99379,-8388608,1015698
1764115904.9799314,-8388608,24951,-8388608,73696,-8388608,-98499,-8388608,1016167
1764115904.980039,-8388608,24477,-8388608,73566,-8388608,-98346,-8388608,1016653
1764115904.980147,-8388608,26070,-8388608,74964,-8388608,-98882,-8388608,1015729
1764115904.9802544,-8388608,27468,-8388608,76098,-8388608,-99071,-8388608,1016764
1764115904.9803627,-8388608,26158,-8388608,75183,-8388608,-97602,-8388608,1016626
1764115904.98047,-8388608,25972,-8388608,75931,-8388608,-99397,-8388608,1017592
1764115904.9805772,-8388608,26391,-8388608,76531,-8388608,-99722,-8388608,1017506
1764115904.980685,-8388608,25999,-8388608,75446,-8388608,-97422,-8388608,1017823
1764115904.9808013,-8388608,28079,-8388608,77344,-8388608,-100624,-8388608,1018573
1764115904.9809093,-8388608,27375,-8388608,76985,-8388608,-102246,-8388608,1017778
1764115904.9810178,-8388608,25607,-8388608,75376,-8388608,-101431,-8388608,1017880
1764115904.9811256,-8388608,24854,-8388608,74112,-8388608,-100566,-8388608,1017354
1764115905.0402937,-8388608,26664,-8388608,75181,-8388608,-102254,-8388608,1016487
1764115905.0404024,-8388608,27130,-8388608,75364,-8388608,-101766,-8388608,1016788
1764115905.0405102,-8388608,25508,-8388608,74244,-8388608,-101677,-8388608,1016648
1764115905.040618,-8388608,23967,-8388608,73616,-8388608,-102798,-8388608,1015943
1764115905.0407321,-8388608,23832,-8388608,73674,-8388608,-104447,-8388608,1015709
1764115905.040845,-8388608,24573,-8388608,74074,-8388608,-104977,-8388608,1015675
1764115905.040953,-8388608,26913,-8388608,74534,-8388608,-102532,-8388608,1015472
1764115905.0410602,-8388608,27564,-8388608,74871,-8388608,-102835,-8388608,1015429
1764115905.041168,-8388608,25109,-8388608,73479,-8388608,-103388,-8388608,1015585
1764115905.0412755,-8388608,25357,-8388608,73156,-8388608,-103500,-8388608,1014319
1764115905.0413826,-8388608,26398,-8388608,73498,-8388608,-103554,-8388608,1014943
1764115905.041491,-8388608,29291,-8388608,75144,-8388608,-105574,-8388608,1016114
1764115905.0415986,-8388608,28131,-8388608,73755,-8388608,-103451,-8388608,1017137
1764115905.0417068,-8388608,23773,-8388608,70244,-8388608,-101159,-8388608,1016588
1764115905.0418148,-8388608,23918,-8388608,70126,-8388608,-101907,-8388608,1017666
1764115905.1016002,-8388608,26251,-8388608,71658,-8388608,-103536,-8388608,1017643
1764115905.1017094,-8388608,26712,-8388608,72548,-8388608,-102554,-8388608,1018136
1764115905.1018176,-8388608,26035,-8388608,73058,-8388608,-102424,-8388608,1018723
1764115905.1019254,-8388608,23718,-8388608,70688,-8388608,-99290,-8388608,1018032
1764115905.1020334,-8388608,25720,-8388608,71466,-8388608,-104982,-8388608,1019981
1764115905.1021404,-8388608,28111,-8388608,73596,-8388608,-104906,-8388608,1020579
1764115905.1022484,-8388608,28840,-8388608,73588,-8388608,-101997,-8388608,1020326
1764115905.1023552,-8388608,27621,-8388608,72814,-8388608,-101827,-8388608,1021071
1764115905.1024623,-8388608,25884,-8388608,73883,-8388608,-103406,-8388608,1020455
1764115905.1025696,-8388608,26165,-8388608,76454,-8388608,-104141,-8388608,1021527
1764115905.102677,-8388608,35793,-8388608,81887,-8388608,-111698,-8388608,1023549
1764115905.1027853,-8388608,34988,-8388608,79583,-8388608,-108726,-8388608,1022800
1764115905.1028938,-8388608,28424,-8388608,74251,-8388608,-101865,-8388608,1022284
1764115905.1030016,-8388608,24563,-8388608,72453,-8388608,-100946,-8388608,1022265
1764115905.1031094,-8388608,25059,-8388608,73366,-8388608,-101757,-8388608,1022179
1764115905.1457565,-8388608,27053,-8388608,75268,-8388608,-102329,-8388608,1022693
1764115905.1458652,-8388608,27359,-8388608,75583,-8388608,-102226,-8388608,1023016
1764115905.1459727,-8388608,25853,-8388608,74244,-8388608,-102232,-8388608,1023048
1764115905.1460836,-8388608,26341,-8388608,75801,-8388608,-104673,-8388608,1022857
1764115905.1461904,-8388608,26548,-8388608,77469,-8388608,-103062,-8388608,1023213
1764115905.1462986,-8388608,25827,-8388608,77179,-8388608,-98436,-8388608,1023545
1764115905.1464067,-8388608,28816,-8388608,80312,-8388608,-101455,-8388608,1023663
1764115905.146515,-8388608,31319,-8388608,80918,-8388608,-105707,-8388608,1023808
1764115905.146623,-8388608,29196,-8388608,78922,-8388608,-104249,-8388608,1022826
